track_id,energy,tempo,speechiness,acousticness,instrumentalness,danceability,loudness,valence
000mA0etY38nKdvf1N04af,0.616,78.673,0.0373,0.243,2.97e-06,0.303,-8.468,0.219
000xQL6tZNLJzIrtIgxqSl,0.627,120.963,0.0639,0.131,0.0,0.748,-6.029,0.524
002PgfoyfrOGiKch4EW8Wm,0.0334,80.816,0.0474,0.985,0.561,0.182,-31.46,0.0683
004skCQeDn1iLntSom0rRr,0.846,132.997,0.0778,0.000738,1.25e-06,0.605,-4.581,0.764
005CGalYNgMNZcvWMIFeK8,0.664,104.594,0.0406,0.177,0.00322,0.634,-9.303,0.731
005X0FmdtkM1kiutosXLTR,0.517,140.301,0.0309,0.551,0.0,0.554,-6.486,0.355
006AVH7fq061voGXkUiII4,0.324,115.137,0.0442,0.697,0.0,0.491,-10.627,0.123
006PJvsr6CyV3JdBf7wiNF,0.417,119.968,0.0437,0.162,2.79e-05,0.861,-8.083,0.235
006yrnQMCZpiUgkR612gC8,0.808,140.16,0.084,0.0543,0.00022,0.75,-2.032,0.263
009NFK4GeY7xzHCJPrPKdz,0.931,137.061,0.0684,0.00667,0.0,0.532,-3.616,0.503
00AxNl4D4jHL2AEf1W55j5,0.804,107.985,0.0265,0.000668,1.19e-06,0.579,-4.777,0.291
00BnfL75e8vHSGCmwUWbEk,0.472,119.81,0.136,0.0846,9.48e-06,0.604,-9.488,0.399
00BuKLSAFkaEkaVAgIMbeA,0.832,122.021,0.0403,0.00587,0.000789,0.825,-5.853,0.713
00Ci0EXS4fNPnkTbS6wkOh,0.77,184.537,0.0824,0.000965,0.0115,0.53,-5.882,0.107
00CmjeeHvAVKvx3tcIiZTy,0.405,105.902,0.0304,0.426,0.0,0.678,-16.965,0.96
00CqEmnPLFKDhAb3cuu6Cs,0.985,116.006,0.0743,0.04,0.0,0.575,-1.038,0.477
00CujlY4ya5p2FNDu9BCZP,0.753,76.284,0.0988,0.0226,3.99e-05,0.356,-5.061,0.35
00DYRuYJQzfI6dH4Adkimo,0.922,174.846,0.0384,0.00216,5.15e-05,0.507,-5.017,0.682
00DlEKhhlQNtjnJk7xqB9O,0.89,138.743,0.042,0.000404,0.0,0.5,-4.094,0.36
00EE6U2juZMvGuMUCTHuas,0.934,94.036,0.306,0.0433,0.0,0.676,-7.675,0.578
00EfcDboIDLWzvPypeWGDg,0.671,169.84,0.57,0.791,8.04e-06,0.537,-9.74,0.3
00EhzXcoejkD5RWoS8L4IX,0.606,92.978,0.396,0.24,0.0,0.781,-4.952,0.899
00FR9VQ0uzF4NNxVKKiMz2,0.616,145.461,0.284,0.453,0.0,0.389,-8.747,0.716
00FROhC5g4iJdax5US8jRr,0.594,87.261,0.185,0.591,0.0,0.764,-10.05,0.695
00FU5uypELwgQuM9IbFC6G,0.583,126.517,0.281,0.0918,0.0,0.6,-6.617,0.763
00FaBIFXUfzaaVcsQmTTJY,0.852,143.025,0.122,0.0129,0.0,0.659,-6.186,0.789
00FjRu5wKkgDfiHognphYv,0.212,87.384,0.035,0.835,0.822,0.127,-19.743,0.135
00H4w1nxlzue3YNjaa3Kwg,0.752,64.03,0.0366,0.0353,0.0,0.355,-4.224,0.273
00HZJG1FRNi2Q7KAkZ3UOv,0.949,160.04,0.0978,0.000594,0.38,0.642,-1.061,0.626
00Hi29G5h1ZHuHn78KvHnm,0.0547,176.403,0.0443,0.981,0.906,0.323,-20.179,0.0587
00Jiy2HCQrpELyLXSI6YpW,0.665,158.974,0.167,0.0231,0.167,0.561,-7.6,0.391
00JvkzL9d727hk4Mzy1eyg,0.794,124.996,0.0527,0.866,9.2e-06,0.56,-6.395,0.464
00LfFm08VWeZwB0Zlm24AT,0.748,82.331,0.268,0.688,8.43e-06,0.662,-3.041,0.535
00MI0oGDVJYM1qWbyUOIhH,0.785,137.639,0.0456,0.0418,0.00669,0.73,-7.201,0.724
00NUqFMIpCsrYPbM9YpVHQ,0.856,101.866,0.286,0.0114,0.0,0.504,-5.024,0.335
00NmK2seXpRFNAEsRBe7lc,0.936,93.241,0.246,0.196,0.00327,0.492,-2.848,0.76
00NnZ4CDQ7opiVRImcPc9x,0.234,130.661,0.0289,0.868,0.0,0.531,-9.05,0.444
00OY7B2Tod8sXcZOaK2dIj,0.608,84.956,0.0354,0.227,0.0,0.546,-5.614,0.356
00QhKEeS9uyJX1WgrWW33p,0.931,108.708,0.0527,0.293,0.166,0.773,-3.89,0.962
00R0bzXiO7vsXt2AT8OV9g,0.727,87.062,0.18,0.256,0.0,0.683,-3.328,0.777
00RDBtylPMV0gJDZfPAb62,0.361,124.001,0.0498,0.00129,0.639,0.815,-10.678,0.398
00RYiT3a2lNQ1wTKBQXWSw,0.687,149.989,0.308,0.213,0.0,0.85,-5.995,0.502
00RYw42tKwXecTaVay3BKl,0.965,100.032,0.0445,0.0166,0.000116,0.597,-1.42,0.151
00ReeHCY0FQUyuAUyPJdnk,0.761,102.192,0.248,0.0514,0.0,0.672,-9.644,0.731
00Sadgj3G0NqtbgQrqPCoB,0.259,81.641,0.0329,0.938,0.00278,0.206,-10.589,0.153
00SkFuFG0cGIPnp2olKhTo,0.599,118.028,0.122,0.759,0.0,0.837,-8.989,0.99
00SlXYapXP5KuDarLc2hUJ,0.675,109.932,0.0381,0.00794,0.00269,0.718,-7.099,0.0662
00TrtYvW70veJbSlY6P13X,0.169,111.602,0.0382,0.94,6.12e-06,0.367,-12.274,0.167
00UZySJXRYQgnOrlzluIIm,0.894,135.976,0.0395,0.111,0.0,0.769,-3.379,0.936
00Uik2OOWaDYDC8n5qLQij,0.721,77.978,0.0719,0.00771,0.0,0.728,-3.769,0.852
00VHzOaRFSDuYAS3fTv85L,0.993,179.936,0.161,7.82e-06,0.337,0.317,-3.505,0.243
00W5ThRIn0d1bQNOp0S0af,0.00372,130.999,0.0519,0.985,0.892,0.403,-24.939,0.133
00WVclSOdTPuLYTott68Wl,0.888,75.508,0.0635,3.43e-05,0.0904,0.386,-5.528,0.374
00Wnp2Nv4JzD5X7JO5Wz2E,0.626,150.927,0.0315,0.191,0.732,0.333,-8.051,0.378
00XjwOz9DOU0fKnh17GXOv,0.55,109.167,0.0279,0.179,6.32e-06,0.67,-7.577,0.511
00XsewFGGCOglLz6WZqMDL,0.654,149.922,0.0896,0.0196,0.206,0.778,-13.598,0.633
00Y2wpTbjFDOnNWgAXEhYZ,0.554,103.949,0.0327,0.0165,0.183,0.325,-8.945,0.144
00YeYHw6zhoy1y7EPTgIkj,0.599,112.017,0.138,0.402,0.000572,0.703,-8.687,0.312
00Z7agJM4usYHBpHKGNNX9,0.792,114.996,0.139,0.56,0.0,0.451,-3.689,0.667
00ZROeHf7xvMw5q8wAYf9O,0.836,143.98,0.0429,0.0218,0.0,0.695,-4.231,0.882
00amaRS950nVV6M4SlVvVl,0.276,34.082,0.18,0.799,0.0175,0.428,-16.654,0.0352
00aoFKbZxBH8vcfVAQg0HG,0.641,127.992,0.0528,0.00248,0.0,0.866,-7.673,0.411
00bOhb4584JjyfTiXX81mO,0.387,76.003,0.0386,0.424,0.0,0.629,-13.667,0.497
00c9VpjXk7iHdLEEzrAxbr,0.62,99.926,0.0504,0.283,0.0,0.587,-6.217,0.143
00cP5rqzL6ZrwMaqTEeGIN,0.976,111.992,0.17,4.62e-06,0.00034,0.513,-3.117,0.133
00cSN1TMyHZErfyJbLMB05,0.481,110.002,0.0295,0.345,0.41,0.814,-7.892,0.834
00chQGvija63zygRg8nyL6,0.485,87.138,0.233,0.528,0.0,0.745,-5.814,0.658
00d5xg90Mvl5bvK18oliSI,0.529,107.144,0.0252,0.727,5.68e-06,0.766,-6.388,0.767
00dgK4Nln0AJQvI66SLRDb,0.595,148.832,0.0475,0.00896,0.0,0.52,-6.19,0.166
00e8qdyKGWzRD5MBed6cED,0.757,120.022,0.106,0.0119,0.588,0.863,-7.597,0.347
00ekiamGK6UrV2F3QvaPvi,0.442,144.984,0.0294,0.451,0.177,0.573,-11.169,0.242
00epdN0YB5dJFAy9TldnbC,0.846,89.065,0.234,0.0983,0.0,0.869,-6.361,0.576
00f38vrgYqSytpeS2unGyw,0.349,200.178,0.244,0.104,0.76,0.468,-12.36,0.0719
00fNdIFKoMxxt8Hnm2kAKL,0.905,124.032,0.0357,0.00274,0.0,0.6,-3.41,0.636
00gwlKTiWvu6xqvsWy7ehA,0.871,134.013,0.0677,0.0531,0.0,0.515,-4.812,0.292
00h6syYCxPKVsInPHXhdZ1,0.837,171.341,0.038,0.000324,0.0,0.332,-3.437,0.551
00hVU6kDP67JHurfwG2dtq,0.417,77.054,0.029,0.543,0.0,0.645,-7.022,0.256
00hY9G7oTlWd86U3FYzwoH,0.766,89.1,0.034,0.0109,0.46,0.366,-8.325,0.175
00hgtJwONC7jG6X0GUMXvv,0.93,136.904,0.0385,0.00479,0.104,0.48,-5.985,0.487
00hh0NPClA0PJetfwn4k5R,0.631,81.004,0.0381,0.167,4.91e-06,0.706,-4.292,0.603
00i0O74dXdaKKdCrqHnfXm,0.903,142.006,0.0658,0.0344,0.0,0.725,-2.955,0.946
00i7J93mGntbUfKofnMnxu,0.857,109.99,0.0422,0.088,0.0108,0.673,-7.493,0.47
00iCRJ7pk3onHablkLyVH1,0.922,124.036,0.139,0.0363,0.0,0.497,-4.674,0.496
00jusKdEnHrRUmXIddEsd0,0.38,90.699,0.0281,0.098,3.03e-06,0.597,-12.712,0.463
00k4IcdhoUtt3fBATrDyhh,0.982,159.982,0.191,0.108,0.00811,0.795,-0.737,0.533
00k9CCERZoKFiBg1KGPOGb,0.768,88.045,0.041,0.062,0.00056,0.662,-8.015,0.616
00lNx0OcTJrS3MKHcB80HY,0.669,124.007,0.138,0.163,0.0,0.876,-6.054,0.682
00meczE1jpLTX0BBzIGrAR,0.84,130.276,0.0672,0.393,8.64e-06,0.764,-5.023,0.843
00n24Sf2vxgmCT4p8oPLYf,0.704,171.898,0.251,0.000952,0.00085,0.673,-6.81,0.729
00nQoR3Ewp916Ma0Kt2TQx,0.892,120.02,0.11,0.0795,7.46e-05,0.723,-7.172,0.501
00nSahRffIywh0XSzTZvae,0.738,131.91,0.0706,0.303,0.4,0.584,-9.338,0.158
00nTL5wFHP5IgJr2sHcQe7,0.861,105.982,0.0397,9.23e-05,3.58e-05,0.455,-6.286,0.553
00oHVAstyM08Q82e2XYvkS,0.558,120.573,0.545,0.78,0.0,0.791,-9.122,0.879
00ohIpPn9LkKpeIqhfIU9V,0.281,119.515,0.0334,0.829,0.0,0.42,-8.204,0.229
00olYl3uAVihNRt46OAT04,0.304,95.581,0.0265,0.64,1.02e-05,0.684,-13.466,0.913
00pLvXMdSXJG8HLliuWTWt,0.219,135.921,0.0963,0.742,0.0,0.748,-13.729,0.409
00pgvR1zUVYubZpdY7jryZ,0.618,129.823,0.108,0.063,6.34e-05,0.681,-7.952,0.167
00qOE7OjRl0BpYiCiweZB2,0.653,176.647,0.0654,0.0828,0.0,0.357,-5.554,0.522
00qV1HXh7JgT65HNOEj7iW,0.95,124.926,0.0908,0.00134,0.0,0.444,-3.926,0.303
00qnJBzKE8FQsIXoio0Kqd,0.264,92.246,0.0424,0.932,0.938,0.345,-19.594,0.0716
00rrluZUPNbfTSWvodUZbV,0.546,141.876,0.0282,0.0181,0.0,0.513,-5.703,0.245
00sRQ7fWIJBtPVsEu1t9CM,0.547,139.982,0.055,0.0227,0.0,0.668,-5.404,0.258
00t41MppG6m4LkZNfme05u,0.199,142.206,0.0405,0.95,8.63e-05,0.312,-11.425,0.166
00t74gkRAMw83w6GGiAZHw,0.667,109.036,0.0313,0.016,0.0,0.667,-6.388,0.588
00t7QTffOR3SA3L1BvSQVq,0.501,78.61,0.425,0.466,9.09e-06,0.604,-10.171,0.0956
00t8f0jxCP556HvIoMulCZ,0.737,161.869,0.226,0.0154,0.000107,0.753,-3.307,0.499
00tB8c71eTcG5jV7PhuF4Q,0.698,136.031,0.0357,0.248,3.09e-06,0.612,-7.224,0.199
00uEBU3gbArSYmY86vXVEu,0.562,136.035,0.407,0.287,0.0,0.627,-11.347,0.39
00uMqGKypSLYfqbKmZLy46,0.785,112.003,0.0358,0.22,0.000478,0.604,-8.094,0.601
00vk0sEfb6mr2ehwSw0Uhn,0.849,119.981,0.0587,0.057,0.0103,0.773,-8.345,0.913
00wBRJMvirudkGVbU3t2bm,0.788,129.788,0.145,0.0301,0.0,0.656,-5.754,0.576
00wSD5E1UWPf63ZG78Lfx3,0.306,79.609,0.0277,0.883,0.00577,0.335,-10.559,0.268
00xKDSwfQXmHiarda9PgID,0.746,100.991,0.0376,0.333,0.0,0.786,-5.939,0.66
00xR9dHhuaNznqB4FSzOlr,0.959,137.377,0.102,0.0995,6.07e-05,0.567,-3.822,0.961
00yLvlghzqjIhYfUrTUM7I,0.396,97.497,0.038,0.375,1.64e-06,0.5,-13.177,0.343
00yQl6VP2oHUqnrhAXEKoW,0.712,119.308,0.0561,0.00334,0.0,0.439,-5.162,0.528
00z4wF0iJsp6GwDkQxkGs6,0.818,116.93,0.0492,0.0936,0.0,0.737,-2.892,0.893
00zg6zWC0r8J9gd4OPWpTq,0.234,72.336,0.0387,0.867,0.00798,0.388,-11.324,0.294
00zqTWtvCWvDtAqoLRl6Sy,0.646,128.279,0.0839,0.376,0.0,0.682,-5.509,0.253
0100qpD7idFGjZjOi3IbB0,0.798,82.998,0.315,0.181,0.0,0.739,-4.47,0.765
0102KKdnrNRqltXot675Bb,0.431,129.988,0.0468,0.0587,0.0914,0.798,-11.527,0.593
010Bok4MiQsxHYtcl0HKmJ,0.427,127.221,0.222,0.000323,0.0055,0.926,-14.031,0.929
011AQ5ytjVE4gBgq4HGFpy,0.841,109.015,0.0306,0.00079,0.0,0.596,-4.092,0.714
011oJftEMAoh3qLvusE9mp,0.69,109.041,0.0676,0.543,0.00636,0.882,-3.169,0.875
011sQ9OXMebmrss7V539nP,0.319,168.736,0.205,0.161,0.0151,0.627,-13.382,0.452
0121cQrltj3XwySaYpNxfD,0.0578,130.203,0.0304,0.989,0.0461,0.547,-15.284,0.0334
013IXgOa1zzkXMPDX7hhdC,0.373,103.221,0.0247,0.693,0.00462,0.531,-10.61,0.338
013uua7LMlib7LK40bjJGH,0.839,106.623,0.0461,0.159,0.0138,0.598,-11.754,0.585
014J7jX1wSv0manSdRnveo,0.648,121.96,0.036,0.0194,0.00104,0.608,-5.569,0.114
014S84Cgs1uGmWOIW6V9U9,0.616,181.543,0.08,0.00978,0.887,0.724,-7.782,0.711
015IsLQFXbEm0f541N2qoX,0.83,124.989,0.0366,0.000629,1.13e-06,0.654,-4.801,0.548
015QxjqYIZ7eKTJYjDPC5n,0.318,120.53,0.0317,0.893,0.0,0.361,-6.791,0.168
016PAkQaQKHRjP0vMeoGUz,0.461,119.68,0.0328,0.951,0.756,0.474,-12.635,0.0399
017HOVDJcVTzlSJv0Eo4qH,0.727,160.882,0.323,0.0168,0.0,0.681,-5.086,0.347
017kEwb3lDoaaZWvEVAxNs,0.828,170.196,0.0664,0.00517,0.541,0.449,-4.901,0.623
017nSBNU2XHwMV0NCWZCqg,0.523,90.062,0.0269,0.11,4.2e-06,0.469,-8.409,0.197
018SbkFOp0E6PpmUag68IS,0.459,109.429,0.22,0.239,0.0116,0.899,-10.934,0.82
018idtQsIvvl9mFTcdKJz5,0.853,124.008,0.0602,0.101,1.36e-06,0.67,-4.457,0.755
0194YiKINgCOppywsNv7FT,0.0631,90.42,0.034,0.993,0.0519,0.52,-17.377,0.171
019FM2BxcPE2vyGWeOWhvS,0.602,110.463,0.108,0.0974,0.0,0.409,-7.025,0.186
01A7PEPSnmtixFPfB2UTal,0.631,119.971,0.0998,0.0406,0.000478,0.793,-6.109,0.231
01A9UQ3va1LyEO5a9MMSzw,0.568,144.254,0.0795,0.0056,0.0,0.821,-7.642,0.623
01ADMjKzsqzXYN7Ddtu1cl,0.485,120.034,0.082,0.105,0.0,0.924,-8.985,0.325
01Aj44KIjCrPmZeXq4UOky,0.577,173.675,0.119,0.163,0.0,0.412,-4.944,0.345
01BCcxcNobPWN2sijlxBrA,0.654,76.915,0.285,0.552,0.000604,0.671,-7.844,0.648
01BU4svdd7vYjnDwJJDJcm,0.971,126.997,0.0614,0.00019,0.533,0.659,-1.707,0.204
01CJDcOSteNT93CgfgsajY,0.349,75.682,0.12,0.858,0.0,0.457,-6.909,0.303
01CNPn5mI7UZCtaOvg0Gmu,0.289,116.714,0.029,0.516,0.0,0.496,-9.341,0.32
01Ch5LzVStxCFPKkT1xg6k,0.578,142.028,0.0417,0.0859,1.19e-06,0.733,-5.245,0.447
01CnYyPXMFRzOFVQBU8WMb,0.801,126.966,0.0354,0.0626,1.15e-05,0.613,-4.431,0.609
01D87p503wfqPqsYbjYwjb,0.174,130.702,0.0434,0.966,0.884,0.314,-20.116,0.0922
01DYvTnfnCkrl1uJWUaqWQ,0.0603,83.32,0.0383,0.971,0.904,0.295,-23.804,0.083
01DidSmPasiXdPhDVuaULL,0.736,99.614,0.0948,0.015,8.81e-05,0.587,-5.824,0.177
01F8B0dhzGdWvmcSO6vUdi,0.638,94.52,0.0806,0.142,0.0,0.805,-5.864,0.644
01GAyirO9mciPH3YV4JWNZ,0.0192,149.238,0.0396,0.983,0.0024,0.254,-24.622,0.19
01GRe3keQaq2QK1LJFPeKv,0.233,91.09,0.0322,0.813,0.832,0.3,-13.518,0.112
01ICFoBoco3TaM5r3HthXy,0.828,105.303,0.0361,0.000721,0.438,0.539,-9.11,0.587
01IecYTa2V0yFOhlNlLVJ8,0.967,150.102,0.0823,0.000119,0.00257,0.473,-5.138,0.436
01Iuu8LFuZREBFOnT1IFwA,0.941,124.1,0.431,0.18,0.0,0.582,-5.498,0.41
01IyLgH29kt46qu8hdwf8G,0.524,130.672,0.0327,0.144,0.0,0.55,-4.822,0.285
01JPQ87UHeGysPVwTqMJHK,0.478,99.967,0.0481,0.274,0.0,0.649,-7.503,0.151
01K1nagpezxBi3wd76MYFi,0.67,78.641,0.0463,0.0749,4.21e-05,0.353,-11.757,0.907
01KdLUbWrTXdviMq7bDhip,0.711,140.058,0.337,0.0793,0.0,0.672,-5.492,0.518
01LSU6meTykNfXu66aBTvZ,0.53,110.08,0.0737,0.375,0.0048,0.797,-3.802,0.269
01LigwR8Dn9cPqCIGIBqwv,0.583,102.008,0.0535,0.00921,0.00711,0.801,-6.7,0.666
01MBhRpvFkbeRwAp7gcF2W,0.959,95.794,0.0769,0.00133,0.171,0.624,-6.253,0.69
01MO5Ib9mCG7srUhZl52BA,0.766,162.058,0.0327,0.219,0.0,0.5,-6.258,0.738
01O2sFXHb72XiXRyOFlkI7,0.337,107.915,0.094,0.706,0.0,0.416,-14.42,0.248
01PLa3LP9WfuAKr3mBRnY4,0.434,97.986,0.263,0.458,0.0,0.798,-8.844,0.362
01PW4iTCvh9cUHPF0eV7H3,0.959,155.541,0.0627,0.000437,5.32e-05,0.294,-2.794,0.481
01PczmMkigsEjsRSPTsepy,0.278,113.019,0.0569,0.757,0.0969,0.658,-12.633,0.0376
01PhzvlTMI5zmGkpswxHRQ,0.587,107.769,0.0358,0.108,3.39e-06,0.269,-8.603,0.257
01PsasDr6ZvYDL3HaLCX6y,0.891,113.055,0.11,0.0256,7.28e-05,0.684,-3.117,0.797
01R0Xdwje645C6xFCnMRvm,0.804,157.996,0.044,0.0211,0.00248,0.507,-13.267,0.708
01RVupyBFNuALcAFZjL4FY,0.757,124.716,0.0332,0.553,0.0,0.719,-5.32,0.817
01RVvVG0yqI5X0HWkRrZSZ,0.915,139.939,0.0744,0.00021,0.71,0.604,-5.515,0.363
01ScM8c8EFTZ1Llf78Ej0X,0.476,130.011,0.241,0.337,0.0288,0.583,-13.736,0.439
01SfTM5nfCou5gQL70r6gs,0.152,80.608,0.0277,0.326,0.0034,0.419,-12.126,0.239
01T0Kq5YOIRF9BQRXJsyfe,0.928,115.204,0.0559,0.00144,0.00295,0.56,-4.594,0.615
01TR6aAKrA2cI3Z0gnCOsu,0.549,92.224,0.429,0.063,2.47e-05,0.751,-10.508,0.553
01TdlwFBNijaI4AVNPV4bQ,0.406,182.279,0.0341,0.629,4.1e-05,0.292,-10.515,0.211
01UTGeKaSANZCXxkAu6vPY,0.633,91.398,0.0261,0.436,9.32e-05,0.699,-6.249,0.907
01UYpHuzHi4eB9PAbDoPY2,0.581,88.718,0.0388,0.553,0.0177,0.49,-6.566,0.318
01VGA34ATxwp0Xo1ldduo2,0.455,83.273,0.112,0.855,0.0,0.657,-8.673,0.326
01VXGDL8Ox3SWmvM8ZyvSB,0.885,160.041,0.0422,0.000963,7.94e-05,0.481,-5.041,0.631
01Vc4fbQr07AD9oi0EJBSM,0.605,102.057,0.134,0.762,0.000786,0.699,-9.507,0.619
01W5V5ldcR16YA7ZVHFLSH,0.952,180.079,0.0787,3.91e-05,0.00104,0.366,-3.082,0.431
01X2B6prmGuN8Nn0uCYAvs,0.532,82.509,0.244,0.186,0.0,0.732,-7.751,0.439
01X4vM5W2LBiBWRSY1O7TF,0.697,158.713,0.0437,0.000428,0.00576,0.397,-10.259,0.592
01XFgRZfZI7oBagNf1Loml,0.794,137.825,0.0483,0.0111,0.00182,0.452,-5.151,0.282
01XIWnrfcBrMtDfnGAk6TA,0.686,67.85,0.0526,0.379,0.0,0.658,-4.96,0.292
01XUDSejUVyvFMWI8hOKgN,0.744,112.057,0.0331,0.104,0.0,0.66,-7.699,0.52
01XiPo8fA6Wx0O4NHZXQm1,0.674,83.974,0.0336,0.00186,1.61e-05,0.386,-4.982,0.0725
01XyR2VFEI65Q65eM46Zw6,0.493,163.661,0.159,0.688,3.27e-06,0.514,-6.704,0.699
01YsZWbUZn59NrY2up3X1G,0.749,113.993,0.0383,0.00454,5.06e-06,0.573,-6.401,0.381
01ZepwW5W3Z4fwl4bzaHyY,0.843,158.028,0.0707,0.00507,0.0,0.493,-5.924,0.523
01Zk6jIg97dsGoQhS13wWC,0.697,100.368,0.0405,0.566,2.26e-05,0.52,-10.868,0.914
01ZpFhrMMqKPVCwyqXneVp,0.132,136.186,0.0375,0.938,0.104,0.282,-15.569,0.0379
01a0J96fRD91VnjQQUCqMK,0.941,99.636,0.0377,0.00594,2.89e-05,0.527,-4.213,0.793
01bEpdG1KZdaUZt3t1WH8Z,0.558,109.981,0.0477,0.474,0.0,0.76,-7.538,0.478
01ctuPaput3MjMKD2ExBws,0.7,149.964,0.0429,0.00343,0.0,0.586,-4.282,0.481
01dPxcBaWnKbIRbgdVESs9,0.406,170.859,0.0425,0.131,0.0,0.181,-7.507,0.143
01df8XbcaqZ7OF3Z7a1UH9,0.733,75.509,0.0319,0.000118,5.28e-06,0.457,-5.589,0.374
01e8dGbulrphX8j3fZDQYk,0.715,117.956,0.0445,0.0849,0.000316,0.614,-6.451,0.231
01f4pMeB8tVxaJsKjnEcEq,0.799,103.01,0.0342,0.000288,0.0249,0.634,-6.678,0.299
01fFmXmAsNP4ahSVtLUfo9,0.752,96.985,0.0573,0.109,6.41e-06,0.738,-6.637,0.576
01fYzmjHLT81Cwvh8I3r9U,0.762,140.048,0.217,0.0454,7.61e-05,0.664,-4.843,0.365
01gDLZsi0j5fWC28FLPNO8,0.975,138.341,0.0651,0.141,0.501,0.584,-6.534,0.876
01gNiOqg8u7vT90uVgOVmz,0.398,119.973,0.0558,0.135,3.78e-06,0.51,-8.75,0.382
01hF9Ah13aSaKcCnH3hm9p,0.192,98.371,0.0448,0.638,2.02e-06,0.597,-11.003,0.304
01hJnhpAmjzg85Etnz2ECH,0.249,94.746,0.0277,0.87,5.09e-05,0.342,-11.812,0.203
01i3BDtgXG4mXQ3lXIWfqj,0.802,179.547,0.133,0.143,0.0,0.346,-5.135,0.624
01iH3JPmssBG2T1EEvy9sc,0.422,133.621,0.0474,0.904,0.766,0.326,-15.205,0.265
01iIIgdoDuKn3yaNguCMmG,0.63,119.983,0.0603,0.1,0.0,0.575,-5.516,0.558
01iqauZTpaayVGlVXhH2Ea,0.043,118.101,0.0429,0.983,0.0,0.445,-18.373,0.189
01iyCAUm8EvOFqVWYJ3dVX,0.87,100.804,0.0428,0.358,0.000939,0.543,-6.514,0.754
01iyINEYgPQ7ThMZuHUsqS,0.938,94.38,0.35,0.0257,1.39e-05,0.619,-5.245,0.601
01jlZ4UvMwJ0hPOZLsD1VO,0.627,140.104,0.03,0.339,0.0,0.473,-4.836,0.359
01ksPzu3Bw8Lsf9o6xIk8C,0.639,121.033,0.0437,0.62,0.0,0.844,-4.461,0.974
01lkebNvMjSmAjvfdVNLoY,0.517,99.938,0.0453,0.117,0.0,0.641,-7.264,0.536
01mOYL4NbFgqBK8sssmVBb,0.333,110.032,0.0326,0.851,0.0,0.608,-7.485,0.527
01nkjRsgpYwtbH94l7y4cg,0.877,96.993,0.0484,0.137,0.0,0.501,-6.369,0.268
01oEJevCPJi7kNekR0nG7h,0.851,84.396,0.0613,0.767,2.88e-05,0.812,-4.687,0.97
01omGHR3eotxaVOYKLgufU,0.629,159.977,0.0451,0.106,0.0,0.699,-9.123,0.615
01pgHbtziFmLnaIdTbz3FK,0.454,120.06,0.0352,0.757,0.0,0.755,-9.609,0.331
01pzcKbACxNZrVEQVu1Wxb,0.618,171.312,0.0703,0.00863,1.21e-06,0.53,-6.859,0.52
01q4ccXbvPlCwZ1fPiFaeM,0.626,104.333,0.0255,0.126,1.3e-06,0.68,-8.519,0.96
01qIefOW1UdSDS1mHoSZ3x,0.528,126.013,0.0865,0.769,4.9e-06,0.751,-9.582,0.326
01rYWOpu72uFQORnWN84C3,0.536,59.999,0.0586,0.591,0.0,0.631,-7.194,0.829
01rgZI4xYSpyp4EFrdcS5E,0.902,125.389,0.0619,0.0717,2.65e-06,0.409,-4.639,0.613
01ryv8tqj6gZnGb18srxk7,0.806,85.794,0.132,0.256,0.0,0.515,-5.247,0.361
01sJXdKYhBIFreYyDmxewS,0.57,165.046,0.0334,0.495,0.00107,0.573,-8.697,0.273
01sw4YF783cqydsJQbJCwT,0.662,126.042,0.0722,0.133,0.0,0.728,-9.722,0.962
01tFpbYAKvX1x1msvTstC7,0.45,114.123,0.0321,0.27,0.213,0.682,-15.978,0.829
01txDiOnBPfMrVQwPQtDHR,0.762,119.988,0.0521,0.0905,0.792,0.915,-8.88,0.891
01u6AEzGbGbQyYVdxajxqk,0.55,84.802,0.179,0.856,3.44e-05,0.697,-11.496,0.844
01uqI4H13Gsd8Lyl1EYd8H,0.473,84.958,0.167,0.716,4.46e-05,0.688,-9.059,0.299
01uzxSsCYvZw8oJbXixEbE,0.782,86.989,0.041,0.0592,0.0,0.662,-8.069,0.739
01v7kv0RTVaX4Vs8GcOGOP,0.723,160.047,0.0579,0.0663,2e-06,0.402,-5.26,0.224
01vHGJRvJ6EZW9KO8NtZpi,0.681,134.062,0.0712,0.673,0.0,0.811,-4.715,0.468
01vU43Qzl66E9gclA7huJ0,0.443,122.427,0.0365,0.0119,0.0,0.333,-7.327,0.172
01vgFcfgUXeFJwErbindxn,0.9,92.565,0.145,9.95e-05,6.29e-06,0.285,-5.015,0.41
01wKeKPgYxdPYA8rfMveYc,0.717,90.147,0.246,0.385,0.0,0.682,-3.682,0.507
01wVEqDPRhm9ASroEaOe1C,0.205,104.248,0.05,0.985,0.94,0.333,-15.377,0.585
01wg7BC7KPmkOwrkHw7YQU,0.925,101.78,0.0372,0.000487,0.0151,0.407,-7.245,0.516
01wpPOPqQ3XyS6hBN00HfK,0.757,123.006,0.0356,0.0232,0.335,0.709,-6.064,0.166
01xAeS2cg8WRrGGc0VlenZ,0.549,146.052,0.0421,0.0486,7.5e-05,0.56,-10.005,0.472
01xAq8HMYTNqmsbH0ZvPMl,0.58,123.16,0.0381,0.187,0.0325,0.543,-7.643,0.515
01xVIxahT2Z5YQTojiUPf8,0.824,118.004,0.028,0.000541,7.26e-06,0.601,-5.817,0.735
01xhMrdCefADl7HSttJaf7,0.862,82.019,0.191,0.293,0.0,0.637,-4.343,0.573
01y5iYLkUGP0MoIsmMhjow,0.222,103.162,0.0291,0.828,1.85e-06,0.45,-12.669,0.0805
01ycChBaynB27CSzlbbbvJ,0.486,81.175,0.0985,0.698,0.0633,0.432,-11.056,0.264
01ykRuRaIcmd1gJJ6AK8Ey,0.66,108.893,0.338,0.0752,0.0,0.666,-5.413,0.378
01yzocKxaa6O95HdwFNT2R,0.123,149.483,0.0387,0.913,9.42e-06,0.498,-12.835,0.125
01zPnSlKCw9WLbY0kvNep0,0.923,143.992,0.248,0.176,0.0,0.709,-2.449,0.662
01ze6Pi7LSMEUnC6qCrelx,0.982,139.979,0.0876,0.00164,0.361,0.613,-2.138,0.376
020b0QxseQbcMTPKV49qRm,0.7,198.972,0.0348,0.147,0.0,0.402,-4.613,0.496
020ffiIfWvx5EH9VJ8Dkg2,0.531,146.018,0.0287,0.376,0.0,0.564,-5.809,0.407
020gYw7juUaNs2tLYMlfms,0.852,143.258,0.0489,0.0376,4.06e-06,0.487,-7.184,0.666
0233dmODqfxbCpHQmspl5e,0.691,83.984,0.026,0.00158,0.0,0.481,-4.253,0.428
023lag1AgeOf7YChojecRu,0.764,133.592,0.0586,0.0862,0.000122,0.838,-5.076,0.924
024BfR0Euyhn2ZfLyPwFtx,0.251,150.414,0.03,0.502,0.0,0.328,-12.413,0.392
024Si0VrgGuslpbud96tnX,0.724,103.966,0.147,0.234,0.00122,0.791,-6.11,0.824
025fgzDTovTo0rKyPSW8vt,0.565,141.963,0.0293,0.00757,6.56e-06,0.441,-5.866,0.373
0262Sk6OGLfzwbg3mVCZU9,0.239,138.372,0.0447,0.972,0.922,0.476,-16.998,0.117
026R8e89M0goYtCWLQNyI1,0.757,127.23,0.338,0.0729,0.0,0.741,-6.059,0.522
0274J9gSKNXBWEuGgKkuHQ,0.356,115.999,0.0345,0.124,0.235,0.809,-13.544,0.228
027aOauTeTU2aQlA1YO2i8,0.114,73.932,0.376,0.974,2.78e-06,0.449,-19.099,0.176
027h5P3kCyktHv9dpHUBBS,0.876,107.915,0.0757,0.0812,1.36e-06,0.767,-4.435,0.595
028lsIzliUXufTSEIQi8Sx,0.687,87.458,0.0309,0.0242,1.53e-05,0.4,-6.481,0.28
028njLMKzGg4gAVSgMeOhm,0.957,183.959,0.0637,0.00784,0.0,0.466,-3.302,0.657
029O4HWI1pVXLfFdfQd1Jb,0.723,138.007,0.143,4.48e-05,0.383,0.487,-11.148,0.391
029QP3fFtLaW9B9RKr8DAg,0.553,144.052,0.348,0.102,0.0,0.798,-6.296,0.158
029UJVfob20TQDOFQzYxDZ,0.705,163.609,0.39,0.961,0.0,0.532,-9.553,0.468
02A2Mi0vR68au8FHSX3xmc,0.529,141.982,0.0385,0.0946,0.00722,0.55,-7.338,0.323
02B7Gcfc6lXcuDnoZZZjhE,0.548,99.805,0.0628,0.542,5.66e-06,0.478,-7.199,0.0858
02BSpb2sKuFgs0Go3LRbTj,0.333,126.619,0.0324,0.000968,0.4,0.607,-12.717,0.0802
02BkXxVpfkP4LDLKrlbsgo,0.847,193.98,0.439,0.0879,0.0,0.658,-3.538,0.69
02C5knfgnWYvGedro71UIm,0.575,78.689,0.238,0.232,0.0,0.833,-9.341,0.807
02COSjkOwyoMNW30Tge9Gu,0.93,82.42,0.0594,0.00238,0.0,0.529,-4.904,0.505
02CPGci789jBYhpFbEiu7P,0.527,92.379,0.0397,0.472,0.0,0.51,-8.707,0.597
02CdafySiW9JoKIXb5RheG,0.433,119.998,0.038,0.113,0.00345,0.815,-9.641,0.963
02Cnl9Atf8Dd8eRmgL5DFI,0.646,108.037,0.0925,0.0147,4.42e-05,0.742,-5.778,0.655
02CwqROylBG7H1gDnrbun9,0.408,127.881,0.0549,0.563,9.58e-05,0.563,-9.118,0.398
02D9uD9WQb834Lb54xCvDS,0.648,59.041,0.0466,0.349,0.0,0.606,-7.802,0.646
02DDdvA9KjwSbVShx0cvnx,0.688,132.041,0.0449,0.00342,4.88e-05,0.659,-5.448,0.96
02DaqClSJTt95OvsiroP5j,0.617,90.502,0.151,0.0134,0.0,0.387,-6.277,0.542
02DoXNeIVYvONhTk1fGQrz,0.752,128.029,0.0378,0.354,1.1e-05,0.656,-5.622,0.477
02E2oPfWBE0hTyKt5sEUQZ,0.08,127.205,0.0347,0.891,0.00103,0.316,-18.73,0.178
02EugLKmemylvPlCSU21AY,0.576,108.081,0.0755,0.00705,0.000442,0.768,-12.326,0.248
02F04GxKOKHIvmf5nfsBrI,0.633,131.985,0.131,2.97e-06,0.0209,0.51,-2.95,0.8
02FjtTsZwY2Gmk5TMpPI36,0.859,145.968,0.0538,7.43e-05,0.000102,0.426,-5.115,0.336
02G8w6L5nlaK7M0e2Ytinu,0.844,129.883,0.0257,0.00288,2.11e-05,0.749,-6.03,0.921
02GBtzxf70cvt8wxxhKnyG,0.968,149.48,0.0424,1.51e-05,0.0408,0.479,-4.698,0.694
02GLGUeTEh5DqUCoBGUra6,0.475,166.071,0.0764,0.76,0.0,0.607,-10.554,0.874
02GLKY3lmM9uh3X5EDdga2,0.561,90.026,0.0539,0.217,0.0,0.661,-5.229,0.27
02GwPAncasVL82yC7y2hmN,0.844,156.069,0.167,0.142,0.0,0.735,-5.215,0.742
02H8JYd2hItFqfppgu5efp,0.86,93.022,0.0409,0.252,0.0,0.718,-4.162,0.883
02HUcZIF7Z2RqSvAxdRPqi,0.706,98.967,0.0304,0.0625,0.0,0.658,-5.347,0.427
02I9nZQLbMcaCiucq4VoXd,0.909,115.998,0.0317,0.0016,0.000276,0.457,-9.451,0.755
02ISLTUYF5GUjKrL7zvRb9,0.45,121.982,0.0426,0.000381,0.000202,0.831,-5.785,0.898
02IxhazqV9GcLz2dJYm6an,0.852,125.004,0.0477,0.000387,0.724,0.743,-6.079,0.631
02JHs4dLIRc3n2mxrJZDtA,0.222,115.798,0.03,0.955,0.216,0.565,-13.229,0.55
02JIdsrod3BYucThfUFDUX,0.303,139.475,0.0422,0.839,0.0,0.439,-10.839,0.268
02JRozQlGwY7WF1xlw15G0,0.968,108.019,0.0684,0.000437,0.0,0.504,-3.497,0.427
02KGkBz8Tyc9TB2RqCd9Z5,0.513,73.055,0.0257,0.199,0.0396,0.488,-7.469,0.406
02KpkaZbiutsR0ucxce4Sh,0.424,97.506,0.0314,0.626,0.0,0.535,-7.491,0.539
02LAK7qT1wya0klSeNO96f,0.447,133.776,0.102,0.157,0.00564,0.698,-8.04,0.407
02LZ1fGJE8fB56yTlCVMEV,0.624,109.977,0.0531,0.00348,0.00389,0.914,-6.112,0.346
02LnwwnaanFpM5dZNArPBb,0.79,93.996,0.0843,0.0386,0.000363,0.834,-5.329,0.961
02M3vkSHb8jbX4hIb4xD6Z,0.923,118.98,0.0373,0.107,0.00757,0.642,-5.933,0.705
02M6vucOvmRfMxTXDUwRXu,0.705,136.024,0.126,0.0128,0.0,0.747,-5.137,0.56
02MdksRk96YQj2iTN7aCgf,0.426,100.158,0.0524,0.284,0.000193,0.638,-9.046,0.788
02NsyKP7MmUEBpXs4lm4FH,0.843,123.054,0.0976,0.016,0.0,0.773,-4.031,0.935
02OBEsgNfL0u9AGDUOIsDU,0.736,75.997,0.111,0.0342,0.0,0.84,-4.37,0.657
02PTdS9L4BFXOtNvyM1ukF,0.872,142.045,0.0444,8.21e-05,3.37e-06,0.443,-4.205,0.211
02QwHNesGgFUpcRBosNdd5,0.288,67.034,0.0307,0.526,5.17e-06,0.205,-7.988,0.158
02SQcBSULnUUm3QHxbF8H9,0.853,159.332,0.0519,0.0762,0.0,0.565,-2.333,0.338
02SUyCzxfqllXeEUqVNMVv,0.624,87.99,0.0358,0.306,0.0144,0.616,-9.128,0.304
02T1Oqr7tohLKjEwLbNa76,0.589,204.932,0.0347,0.639,0.0,0.288,-4.733,0.43
02UYYPOGSBXxGEMce927XV,0.511,117.896,0.0297,0.397,0.0,0.712,-8.753,0.412
02UnamzTn2rySwzcMkq5qx,0.662,140.046,0.0265,0.209,3.92e-05,0.573,-4.461,0.256
02W7uH4t2LhSWKauY0IHyx,0.514,175.096,0.456,0.179,0.0,0.444,-6.206,0.182
02WDuAXXKumemrvsmrVBvH,0.768,152.005,0.058,0.329,0.0,0.584,-4.185,0.729
02WacdrRpm4zlP8H7X6bnQ,0.174,112.175,0.0332,0.851,1.92e-05,0.608,-8.796,0.193
02Wxt6S5N3socdwU5nMvuH,0.756,91.995,0.0713,0.321,0.0,0.802,-4.881,0.702
02XnQdf7sipaKBBHixz3Zp,0.692,114.906,0.0438,0.113,0.0,0.762,-3.973,0.397
02YZLChInXZPMLPoSmYa9z,0.511,200.08,0.0415,0.324,0.257,0.693,-7.83,0.92
02YdadbtCsLQNmJIxZETv8,0.178,108.602,0.0435,0.905,0.176,0.494,-21.115,0.468
02Z1u6mX0puSryZFJpqV0G,0.48,182.756,0.0975,0.869,2.72e-06,0.403,-7.79,0.253
02Z2ss1YQtaybzwcyqWTLV,0.868,92.859,0.035,0.236,0.066,0.393,-4.637,0.725
02Z7LG6DNTuVTJiGdvTwDu,0.113,71.11,0.055,0.6,1.56e-05,0.676,-17.238,0.233
02ZorlDGq0uTnMobHNh4EL,0.535,175.921,0.0933,0.539,0.0266,0.489,-10.34,0.04
02a3YjaSKk3KZxK5mMnSW1,0.641,119.971,0.154,0.0609,0.0,0.873,-9.197,0.832
02acUMylPHMjJ9miDc9b38,0.729,188.017,0.0307,0.0152,2.63e-05,0.435,-4.818,0.524
02b5L9jExmkRTdUTqXFzmR,0.689,127.98,0.0337,0.0884,0.0,0.66,-2.671,0.427
02bp2Aq5cFTUfDnOYJxuuL,0.914,91.045,0.0557,0.000136,1.05e-06,0.493,-5.894,0.74
02cmTSoSU4AziWR0QAu0lT,0.899,125.974,0.0413,0.00432,0.11,0.628,-5.139,0.0591
02dVj5B3vXOjylEFYCCsYQ,0.0259,90.128,0.0444,0.964,0.864,0.102,-30.196,0.0319
02eD9ymfJOJOhM97HYp5R9,0.3,80.993,0.0286,0.578,8.3e-06,0.525,-8.005,0.206
02ePLmR1A5hSSkIuD2S3Zq,0.916,100.077,0.111,0.0246,0.0,0.351,-4.272,0.45
02ePjHjIiszSYqeLykvpTN,0.909,125.418,0.0463,0.159,1.27e-06,0.487,-3.484,0.51
02fXgTUWoo3CdwCAzBh35l,0.885,97.522,0.213,0.183,0.000172,0.871,-4.974,0.561
02fbPCPI1RZ6J58ZexOV1f,0.918,129.96,0.0609,0.00684,0.0256,0.371,-3.399,0.294
02fepHrvkesO0t2gcnxLH0,0.494,200.229,0.105,0.806,0.0,0.365,-10.934,0.649
02gV5Zc9ctbZxD1uTNIok5,0.213,64.177,0.0279,0.554,3.68e-06,0.453,-13.656,0.0955
02hI9MoVLnCI02AyqoCTH9,0.776,135.619,0.0349,0.154,0.0,0.295,-3.651,0.365
02hZI7ecPijbO156E9d4iE,0.963,176.99,0.214,0.000958,3.11e-05,0.443,-3.178,0.48
02iCjWBd2cOMbTnMs5Zek8,0.889,139.961,0.0441,0.0284,1.2e-06,0.676,-4.277,0.649
02iZJRlOZ7VRbzO8uVdOva,0.244,100.142,0.029,0.951,0.173,0.462,-16.96,0.078
02jxYhiWWwoKX4noECbILy,0.956,146.921,0.0829,0.00793,8.02e-05,0.434,-5.253,0.442
02lTDOxHeXTHsdwXoz6lpC,0.895,168.479,0.118,0.083,0.00266,0.269,-6.382,0.16
02mQcDoU5cn15U6tqZmL4e,0.88,125.418,0.0329,0.0242,2.04e-06,0.645,-3.403,0.834
02mVOumORPap7T7vXQVsnk,0.884,118.058,0.0782,0.342,5.11e-06,0.615,-4.184,0.265
02oS4EwEsqUfEpcNDwAbTM,0.825,120.066,0.193,0.0778,0.0,0.769,-4.283,0.721
02opp1cycqiFNDpLd2o1J3,0.684,170.861,0.168,0.191,0.0,0.442,-4.888,0.218
02p1aUIcbTUtk0YErCrpx5,0.15,82.786,0.0275,0.862,2.01e-05,0.405,-11.413,0.18
02p3rWrBQP7Ik3xPhoNPsJ,0.783,114.997,0.0372,0.046,0.0,0.56,-5.565,0.387
02ppjS0M2Q0AVN2wWsF09Q,0.372,144.764,0.0323,0.175,0.00011,0.478,-10.866,0.272
02qVj9sW2Zz8mhklaIrDRI,0.645,161.964,0.0316,0.00172,0.00094,0.338,-6.962,0.0704
02qhH1lM7cnv21869kWW06,0.692,139.884,0.033,0.0171,1.83e-05,0.474,-5.776,0.492
02r2uE8nEHpJAvFFttQxqh,0.728,123.982,0.0383,0.00226,0.00242,0.542,-4.22,0.13
02sDcMNkzQPHWt6C7R0YBt,0.715,167.771,0.0527,0.00172,0.713,0.416,-5.281,0.653
02srSkeu2pzybuVr2B9TJm,0.593,120.753,0.0328,0.732,0.00366,0.564,-9.245,0.766
02tBoGhPOILIqqwt2hgZw1,0.319,109.311,0.0319,0.798,0.378,0.526,-11.682,0.705
02tHZBHGxx65FiMyuR9fxT,0.245,96.098,0.0545,0.992,0.707,0.376,-14.185,0.0955
02u4AfY7ZufyToVq6VjJvd,0.991,126.419,0.326,0.00292,0.0,0.302,-2.711,0.175
02utvJ5kGIQJbOJdK3WxDF,0.881,167.782,0.28,0.0925,0.00371,0.716,-5.906,0.961
02uv1Nasfgcz7sgnndUSY8,0.775,119.992,0.0587,0.0284,8.98e-05,0.862,-5.969,0.334
02vKYsGA7RZ9mU1wTNljE5,0.543,133.692,0.0456,0.0478,0.0,0.625,-5.863,0.45
02vbwgCw4piXoMteswBt5I,0.417,104.504,0.255,0.0452,0.0824,0.908,-8.244,0.81
02wZwpZW6ADtmLAMQomvkc,0.937,95.058,0.0445,0.134,0.0231,0.76,-3.073,0.92
02wfEb4PyvM4XvsqDNtqVm,0.571,122.463,0.0421,0.0173,0.0,0.754,-8.547,0.82
02ww0c8o8q5oKwjjKx5Qjn,0.246,101.426,0.0355,0.932,5.01e-06,0.484,-10.179,0.325
02xmGU9unopKjpblPRC67j,0.117,125.288,0.0511,0.992,0.909,0.373,-25.222,0.189
02y3FRLRlmzIpi2y8ZbN2w,0.422,130.2,0.0356,0.395,0.0,0.677,-8.443,0.19
02yD6Wmpx5kLAoXLQOnuEb,0.398,111.661,0.0385,0.786,3.47e-06,0.4,-6.038,0.16
02yN0dNQ6ia9CsgjexYERp,0.434,115.287,0.518,0.604,0.0,0.758,-9.804,0.721
02zEv68ePhPj9EgCUpBE0R,0.342,106.421,0.0387,0.185,0.0,0.752,-8.905,0.965
02zfebiK2OVrhCFa35fRCA,0.626,120.056,0.209,0.119,0.0,0.896,-5.515,0.397
0301nLjG0ti26rx5ZmfqtP,0.6,101.78,0.341,0.112,0.000171,0.795,-14.004,0.633
030oP5zYYT57rlsvLQbQFp,0.419,135.597,0.0715,0.494,0.0,0.761,-15.932,0.835
030qDkddLuZG0GQOvlAUFv,0.406,143.96,0.0313,0.0377,0.0367,0.446,-5.988,0.17
031otVAAs8xKg1q9Vs8ngk,0.835,95.457,0.0395,0.202,8.07e-05,0.599,-11.077,0.586
031uTUhyy6xmDJqmeWJBi9,0.959,139.997,0.119,0.000321,0.14,0.453,-6.121,0.204
0332p5aiaQ6vyomilcGSy4,0.885,149.929,0.259,0.666,9.89e-05,0.638,-4.353,0.436
0334EJKexX0DKq43k5mnrT,0.923,123.035,0.0296,0.0042,0.0,0.579,-3.603,0.69
0336UwEBwBBao8uWCuugYr,0.488,151.798,0.326,0.394,0.000649,0.669,-4.711,0.548
035HpdSiiGZ3M36CfSgq5c,0.214,161.278,0.353,0.978,0.0,0.637,-15.611,0.759
035QPHPAcqApSGMMcogT45,0.51,105.013,0.0242,0.211,0.00951,0.74,-7.477,0.528
0363w3IUcO4cJMsAFLpfLY,0.692,128.009,0.0486,0.00636,0.00231,0.672,-6.566,0.67
036GQb6SETOJJG8BxJTNxc,0.925,118.024,0.0359,0.039,0.0,0.71,-3.329,0.93
0375PEO6HIwCHx5Y2sowQm,0.904,75.667,0.0656,0.0159,0.0,0.533,-4.741,0.323
037Q3LMK7nqfCsTsD0E0JP,0.846,89.23,0.0337,0.000819,0.00139,0.633,-6.347,0.448
037pD2TFLLXo9CA4shqfj7,0.575,122.067,0.039,0.0115,0.247,0.778,-12.282,0.96
038jgLNIvp7QQNf5vILf5d,0.706,116.02,0.026,0.047,4.25e-06,0.765,-5.477,0.669
0395QTZZOMJnYf88fZBDq8,0.578,125.822,0.0285,0.739,8.72e-06,0.493,-9.115,0.891
03A424HfAMnhY2RbPhcTxh,0.258,147.931,0.0553,0.577,0.0,0.486,-10.18,0.547
03AhYPRQeOqG2j54Tdg94E,0.826,128.144,0.0358,0.0254,0.00974,0.657,-12.339,0.685
03BNPuzC2y91UJmxUeRiBf,0.623,177.928,0.103,0.926,1.38e-05,0.564,-3.906,0.669
03BlS72KhozBLB4dXIB3TV,0.622,94.897,0.0442,0.0623,1.66e-05,0.36,-8.498,0.17
03CG83FULo7U50k01Amvom,0.604,113.193,0.0585,0.0176,0.856,0.494,-12.09,0.054
03CLsFk6JSz301bKuukPSD,0.256,77.906,0.042,0.869,0.078,0.324,-11.229,0.182
03CTFv1QHG6ByDk6yBu9T2,0.00815,139.051,0.0427,0.945,0.921,0.146,-26.659,0.0386
03Cu1d9U6Xrs27qPlk1ULx,0.432,173.023,0.285,0.0723,0.00109,0.825,-9.56,0.842
03D9dvJvM8hvoZ90babytA,0.654,177.941,0.237,0.236,0.0,0.301,-5.892,0.203
03FHR5ifH0Fhr8NsxuIcyz,0.87,136.959,0.0766,0.25,0.0,0.533,-6.288,0.562
03FcCV2h88qkjuhTaEB5Zh,0.577,95.011,0.0307,0.0643,0.851,0.725,-7.859,0.574
03FlSWryOCZxUEsjWezLsf,0.85,104.974,0.0312,0.0601,3.19e-05,0.672,-4.557,0.431
03GeUsYpLZHTCe3WvlDFIv,0.762,166.056,0.389,0.0372,0.0,0.501,-5.439,0.412
03GmiapZrVujkO2BwX945T,0.74,124.4,0.103,0.00275,0.759,0.409,-1.601,0.566
03HbxaCm8eBHLxbfdRRQ2e,0.259,129.924,0.035,0.67,0.0,0.715,-10.493,0.3
03ImchswSXPA2KzLrc9hAL,0.865,170.651,0.446,0.29,0.0,0.547,-5.778,0.528
03IxJiB8ZOH9hEQZF5mCNY,0.918,125.009,0.0676,0.153,0.0328,0.725,-4.912,0.201
03JNEVo1MEaGQZtn7MbUF0,0.855,131.634,0.059,0.0417,0.0568,0.508,-9.259,0.575
03JbYQiWdbNU50NmmSU6q3,0.811,179.595,0.0518,0.464,1.17e-05,0.495,-6.422,0.911
03JdRoOgM2FUP0HSQSTgKx,0.895,162.043,0.177,0.0619,0.0,0.559,-4.191,0.646
03KBMu38Su4sqBzDzusiz8,0.397,97.312,0.0294,0.664,0.00777,0.755,-7.195,0.582
03L2AoiRbWhvt7BDMx1jUB,0.43,174.983,0.165,0.338,1.18e-05,0.429,-11.373,0.125
03LDhOzdLgeI4tyUgp7aQ8,0.74,109.278,0.0513,0.236,6.61e-05,0.727,-11.755,0.909
03LpkqucyYKcYclDs8HuxO,0.779,84.975,0.071,0.0688,3.99e-06,0.694,-6.984,0.594
03MWa1FMygR3RrQoQytsjS,0.691,134.751,0.0338,0.546,1.3e-06,0.706,-5.86,0.597
03Mradtcg4Il4gUQJ9LC9V,0.312,89.484,0.277,0.48,3.95e-05,0.557,-15.003,0.0748
03NFwyU24Ms6qJWCPb8y8X,0.164,99.145,0.0367,0.844,0.0,0.696,-9.73,0.364
03NWMTX4G4hKikHbH4HxZh,0.956,126.03,0.0332,0.00134,0.0908,0.586,-1.378,0.326
03OTf5ZmbAt28uhIr3n7I0,0.877,95.355,0.0652,0.187,0.0,0.363,-5.512,0.0893
03QK3Hi8cRwq1Qg7VnNbci,0.863,92.909,0.315,0.235,0.0,0.705,-3.903,0.938
03RENvqJKYdvWUhbuZwJY3,0.621,124.543,0.0373,0.299,0.267,0.696,-7.474,0.157
03RFScByLwJTxTme6n4BpP,0.402,114.039,0.035,0.443,0.000244,0.647,-9.922,0.437
03RgalWhxOQyRbhfTGVRzl,0.748,92.99,0.246,0.0274,3.8e-06,0.867,-5.8,0.432
03SrfAN9FVi3EacVu24SMZ,0.838,125.975,0.0458,0.0349,0.559,0.764,-5.083,0.156
03UXxrcZKSHIYCgbiGOTcD,0.12,78.805,0.0387,0.809,0.0,0.511,-13.683,0.33
03UoekUgoEuKeCZ2AxY89T,0.989,135.025,0.156,8.3e-05,0.0,0.521,-2.645,0.15
03UxJIHLIeqlbCNv5bWNr7,0.448,124.075,0.0377,0.365,7.96e-05,0.645,-10.222,0.858
03VXrViYqJpdhuBEV0p0ak,0.38,92.933,0.034,0.829,0.0,0.485,-11.773,0.531
03WmeqPnjaBnm4lfwm8v8z,0.85,78.045,0.0383,0.00369,0.0,0.401,-2.956,0.375
03WnNOTbCNsH7GecDIDLlQ,0.717,171.956,0.225,0.159,0.0,0.609,-4.961,0.677
03WuFsWpkytZ6c5iidS8Im,0.463,139.952,0.0432,0.354,0.00306,0.699,-7.212,0.356
03X3YEhpBI3Yl651OdqOCr,0.495,101.033,0.321,0.15,0.0,0.65,-6.86,0.652
03XCbxTcOKkjVZJE6Q4bN1,0.766,157.916,0.0389,0.0578,0.000244,0.613,-5.925,0.807
03XjpGGdsIPouALXem2Cku,0.284,65.977,0.0425,0.445,0.00129,0.738,-12.0,0.461
03XqmVxwDCceWvKlq40jVg,0.442,114.93,0.0286,0.00893,0.000156,0.675,-9.901,0.547
03XuNlAoOtDnj9AP58Uou9,0.138,125.316,0.0394,0.877,0.000954,0.613,-14.083,0.136
03XwnKr4R5m6B0oniEl7Fh,0.472,91.023,0.071,0.124,0.0,0.771,-6.916,0.444
03Y4XvMs8CcSVM7zQwdECF,0.688,94.938,0.108,0.354,2.57e-06,0.644,-4.407,0.616
03YZnK3XQWKpvo9TyNZzXf,0.688,150.03,0.0265,0.212,0.00964,0.418,-5.515,0.319
03YuyrltrfOOtysn0HBvax,0.786,153.8,0.0553,0.0322,0.000664,0.77,-3.516,0.969
03Z9Xiu6te6MbMRlICuDGL,0.727,160.143,0.32,0.228,0.000111,0.744,-11.225,0.869
03ZQQa7FnfggPBfYQVpa9a,0.593,166.054,0.0584,0.237,1.2e-06,0.399,-8.0,0.493
03ZuiUu7KVr1Bu4Ml855vp,0.539,131.596,0.0309,0.0164,0.00212,0.397,-7.963,0.238
03ZwNF6FTvazNuOXNQf8k8,0.898,140.452,0.0524,0.00106,0.0212,0.513,-6.242,0.61
03b1NUHnoavfpLLKcEMfIb,0.751,173.825,0.155,0.105,0.0,0.392,-6.586,0.438
03b2vOMFsvV6lRVO3GvJFj,0.677,97.355,0.202,0.0195,0.0,0.737,-4.637,0.914
03bcbJ2R35K27UaCFv0z8h,0.0368,71.863,0.0441,0.994,0.885,0.297,-24.047,0.0313
03c10OkRpmrQhssVZk3I0S,0.465,97.77,0.269,0.291,0.0,0.728,-12.968,0.675
03cHJhjbdDSXNUDPYtlxlo,0.96,135.807,0.0655,0.00369,0.00119,0.417,-5.53,0.38
03dTMO4H8B2OSv5FmXtpON,0.719,119.023,0.0475,0.0126,0.000177,0.564,-5.505,0.251
03e41JmoFNLssjNbHhDma7,0.632,147.508,0.0363,0.000174,8.19e-05,0.299,-3.28,0.297
03eVpHrGANUcDXDGRXFgGr,0.311,132.25,0.056,0.573,0.0,0.51,-12.441,0.377
03eWbrmzHkd5wuW6svNtyQ,0.659,129.991,0.0292,0.102,0.000109,0.634,-8.939,0.556
03egwBfmIRrfZtGCBhj5kg,0.791,107.983,0.0431,0.297,0.0833,0.616,-7.648,0.184
03esnE5CZwxCLie5NedKRo,0.768,126.407,0.0311,0.0502,0.0962,0.443,-5.849,0.717
03f7xZmt2wHCIDJBFPK8G4,0.689,168.112,0.148,0.254,5.44e-06,0.595,-6.107,0.213
03fT3OHB9KyMtGMt2zwqCT,0.886,143.935,0.0655,0.0916,0.0,0.506,-3.225,0.595
03fpHopekRlGGjK4B32QA9,0.284,136.047,0.0282,0.69,0.0,0.565,-12.841,0.199
03g7fElHSW3uhrJ09gx6c6,0.877,165.943,0.0637,0.0102,0.000118,0.504,-4.83,0.692
03gk2zRwm8uUZDbyZJtPgh,0.0285,106.162,0.0412,0.979,0.000528,0.442,-17.434,0.197
03gp1uTgpOdCxjDCXr3saU,0.794,119.944,0.0474,0.319,0.0,0.69,-2.576,0.505
03gvX91BuMzzXPyMjlYhAk,0.629,85.957,0.0338,0.405,0.0,0.483,-4.396,0.812
03hUwBvGTrQpHpvE4pO2oq,0.986,122.937,0.0924,0.00149,0.0,0.607,-3.399,0.433
03hqMhmCZiNKMSPmVabPLP,0.6,175.894,0.0398,0.113,1.32e-06,0.359,-7.317,0.195
03hyfD64TCQ73l3JlhA2CD,0.513,120.041,0.293,0.0123,0.0,0.876,-7.469,0.299
03igS7lAG27gWRZL7SLZ6G,0.724,93.029,0.293,0.523,0.0,0.434,-5.2,0.23
03j7SBv0wYWwxch2eOzXAg,0.723,120.017,0.0288,0.0048,0.000284,0.822,-9.952,0.86
03kCR9HZpX5muU7D8xYPOL,0.717,158.054,0.0457,0.00796,6.15e-05,0.505,-5.097,0.462
03kNLUkf1cJrWpCrM4yDP6,0.524,102.398,0.0352,0.11,0.0408,0.698,-7.372,0.612
03kZca43rgVgphYctcopJU,0.722,97.493,0.0308,0.277,0.00213,0.75,-7.032,0.759
03kfreOuBG8GPIyY0DNY1K,0.392,71.897,0.0278,0.334,5.66e-05,0.525,-8.273,0.288
03m03OVQGPuzt8Rw2r0a7t,0.393,78.843,0.0385,0.891,0.0,0.385,-10.326,0.541
03m5ynXvoV7XkMKQUvtYgy,0.654,154.001,0.0326,0.691,0.0,0.417,-6.321,0.265
03mV8s3P87R2Cz3NuUhR9P,0.345,94.802,0.031,0.936,0.000796,0.407,-12.297,0.207
03mfJFcTsxfldb0DPI4ygj,0.301,122.934,0.0366,0.758,0.00793,0.501,-10.8,0.179
03mvCCQX2y8MrCLQLsweRZ,0.956,126.558,0.18,0.191,0.0,0.671,-4.623,0.681
03nIxgtD55Ar8LsXZzkXBt,0.894,132.033,0.047,0.0747,2.34e-06,0.675,-5.251,0.883
03nPFge28H15qqfaWm5Nov,0.749,185.797,0.0813,0.000284,0.0303,0.295,-6.647,0.666
03nqSsVAITWXvDTIO8Gviw,0.00252,72.27,0.0727,0.995,0.897,0.436,-40.955,0.036
03qDVofuUUQSsSQCLWX0eF,0.505,139.956,0.058,0.381,0.00115,0.616,-9.307,0.228
03qKJWqX0I2tlMJiU72P1Y,0.859,182.956,0.0423,0.0194,0.0279,0.244,-4.57,0.567
03rha44BAgbLeccPPL3a6h,0.161,73.455,0.0275,0.784,0.000293,0.503,-11.817,0.12
03s27WxjamC3a3np6Pj4hg,0.937,121.973,0.0743,0.0232,0.714,0.745,-5.102,0.27
03sCmgb8PsB4vOH1jrkCGS,0.978,149.977,0.133,0.00111,0.0,0.426,-3.278,0.0749
03sHGNgxlmsNQfq0cZ3BE2,0.941,120.012,0.385,0.111,0.0,0.54,-5.683,0.557
03smuLvVykpbbRgfStsWsv,0.0609,113.924,0.0824,0.861,0.948,0.67,-33.238,0.998
03t6RDifkGB4chFXqNSvzE,0.948,168.712,0.185,0.00034,2.54e-05,0.27,-6.253,0.34
03tfEPJ3PEMaxjkf2Nh6cj,0.241,69.177,0.04,0.235,0.973,0.157,-15.425,0.0398
03tqyYWC9Um2ZqU0ZN849H,0.595,131.497,0.0391,0.00544,0.0,0.76,-6.366,0.361
03uYJJEYs6H4GArW20eqvd,0.328,126.043,0.0494,0.0843,3.15e-05,0.446,-9.653,0.0436
03urRSq6qlPimpyJSVWbUb,0.438,95.975,0.205,0.0185,0.0,0.849,-11.181,0.126
03vcyM16MDt0LaPXhYYwZk,0.159,177.55,0.0346,0.024,0.882,0.12,-15.441,0.053
03w1u0L5fS0F7izSUkdqS2,0.782,150.076,0.225,0.0464,0.0,0.63,-4.046,0.657
03w3wv1rwQa2LhQodHda1u,0.214,110.005,0.0349,0.191,0.0,0.681,-17.96,0.196
03wDiasOhgq9TMSIPskGr4,0.632,137.03,0.0304,0.372,0.000228,0.386,-6.815,0.118
03wKMRNYVvw6s9nm4I4jUS,0.787,175.919,0.0429,0.00176,0.00445,0.363,-5.071,0.202
03wrmep5c3Dr9JlOXPvFUX,0.209,121.487,0.0385,0.919,1.98e-06,0.262,-10.685,0.141
03xWMkKEbeO4SnylA53ipj,0.42,108.066,0.0317,0.112,0.0,0.673,-7.581,0.385
03yOjwHoOPDlTUg0NRxN6t,0.796,105.354,0.0306,0.151,0.0,0.55,-7.007,0.622
03zQwg9GmELizUbWol6DMz,0.932,130.054,0.0473,0.000361,0.867,0.617,-5.202,0.0634
03zjj8Ni3NQqInP6FQ25v2,0.937,144.003,0.0898,0.0103,0.0,0.628,-3.545,0.683
03zv0Znm7bA7XzWMZ1lEKO,0.467,96.012,0.0753,0.371,0.845,0.825,-14.055,0.249
040PVy5Qjz6z4IAvsLbXbn,0.28,119.856,0.0319,0.706,0.000524,0.429,-12.147,0.164
041STHVCMt9AtrKYZAEyTi,0.49,154.494,0.0546,0.458,0.0,0.386,-8.648,0.383
042KN3yowY804XyZd1bY4S,0.581,104.997,0.0362,0.225,0.659,0.611,-15.671,0.0382
042pmCix7CPth3l3X28jl1,0.285,74.967,0.027,0.528,0.0,0.571,-14.453,0.244
042vge6apfznZWHPOLIMZ9,0.825,127.966,0.092,0.00875,0.811,0.681,-4.379,0.659
042x9bsUBWW2fJgJ6fUh61,0.733,108.992,0.152,0.0933,2.23e-05,0.713,-6.431,0.502
043Nx7eCjAdeVrQq2DAALE,0.373,88.844,0.0305,0.8,1.34e-05,0.461,-9.351,0.514
043bfUkTydw0xJ5JjOT91w,0.88,129.007,0.0463,0.0144,0.0021,0.632,-4.051,0.338
0447V6bjlw5ERYGu3BEBnB,0.839,89.942,0.271,0.0534,0.0,0.735,-4.705,0.834
044tBBCWOlQD4Si1k5wlkC,0.721,168.763,0.102,0.00316,0.208,0.437,-3.915,0.317
045sp2JToyTaaKyXkGejPy,0.229,73.552,0.0297,0.167,0.102,0.454,-12.592,0.134
046irIGshCqu24AjmEWZtr,0.803,151.777,0.0443,0.199,0.00282,0.44,-5.415,0.501
046lWK1z2BKgpXYp628Gos,0.877,140.058,0.114,0.000918,9.22e-06,0.526,-4.212,0.421
046r9OIF1bHuTeZoyk3b6r,0.475,116.444,0.0378,0.522,0.144,0.541,-10.989,0.343
047OkQx1iu7dWM545y0vVh,0.71,120.018,0.0321,0.103,0.000649,0.731,-7.767,0.138
047fCsbO4NdmwCBn8pcUXl,0.26,111.519,0.0921,0.646,0.00178,0.492,-17.341,0.312
04854nSxND0MaZwy1PQ3bs,0.583,81.2,0.207,0.309,0.0185,0.52,-9.053,0.178
048AjMqhhAEdWfP8CKq1xZ,0.791,111.022,0.0422,0.00142,0.0,0.599,-5.563,0.335
048fAgdSLnAbQZG1ePSUKb,0.648,142.159,0.0273,0.0533,0.00015,0.552,-6.71,0.407
048rIiP977BBiepIeLKaYA,0.93,130.039,0.0578,0.000584,0.00119,0.521,-4.219,0.338
0491EjDNDRRwo9mBCsLaAX,0.691,112.232,0.0454,0.000817,0.452,0.259,-10.332,0.396
0497l3wQx4pcHHGtmvqUub,0.636,112.536,0.0458,0.0232,5.23e-05,0.558,-9.409,0.518
049n4nPLnB03qookoGEbbN,0.873,135.042,0.0408,0.0185,4.27e-06,0.816,-4.613,0.593
049q9W9ALY4zUAaEH3Nfg7,0.516,115.767,0.0284,0.584,5.16e-05,0.621,-4.607,0.261
049wfFS3kAsdmGOH8ktYJ3,0.534,170.27,0.0367,0.494,0.0,0.501,-4.311,0.582
04AYgtKFrpldRXe5y0LNGQ,0.946,109.891,0.128,0.00848,2.05e-05,0.561,-0.899,0.3
04BSXvTvIQVeIxFA0rWhwI,0.314,179.373,0.251,0.551,0.0,0.682,-9.978,0.197
04BcODyhCDTV7SBFeJHOXe,0.352,94.915,0.0275,0.742,0.0,0.431,-9.335,0.246
04BwE5LUGe3VhyS08aHR95,0.136,119.558,0.0471,0.886,0.0,0.561,-9.651,0.3
04CTkeKYarZAC3LEYpsTDK,0.563,145.333,0.0287,0.195,6.75e-06,0.682,-6.864,0.85
04CpKcl1ItOezCVVkIL3E4,0.615,77.724,0.0531,0.0336,0.0,0.387,-7.352,0.18
04CttTezSnv71USiiG9mIo,0.662,96.053,0.0362,0.0178,0.0,0.595,-6.858,0.417
04DwTuZ2VBdJCCC5TROn7L,0.485,133.889,0.0406,0.0592,0.0,0.49,-6.237,0.196
04DysC7XwYiKJqYwGM8mkU,0.668,120.0,0.034,0.00631,0.00011,0.699,-7.126,0.431
04EOxGLUvAxIZv2OhXlTbJ,0.0691,150.345,0.0389,0.829,0.937,0.122,-27.167,0.0375
04F1slSLfciNXAPZgdXtmW,0.477,122.06,0.0305,0.592,0.0,0.693,-8.012,0.31
04FXF9tLQvYzc9ZWnTpaA3,0.551,100.773,0.356,0.0879,0.0,0.906,-7.439,0.554
04FvbPv2sJI8SkgpusPp75,0.696,130.092,0.0435,0.618,7.06e-05,0.389,-8.795,0.684
04FwOgIovwG5ItELDLfPfj,0.248,128.124,0.0336,0.861,0.0,0.502,-10.104,0.245
04H4DvfEmREFxLpafFXXo5,0.14,80.741,0.0356,0.953,0.0113,0.317,-14.975,0.179
04HCeduDU2D8lzQPTG1iIi,0.91,109.315,0.0446,5.73e-06,0.907,0.264,-5.644,0.636
04INpAsA1FHfFMI7Rg9Ksy,0.851,203.946,0.106,0.297,0.00304,0.421,-9.142,0.589
04IPAZ0wekDgD6coeRH2G2,0.766,139.113,0.0466,0.00169,9.33e-05,0.487,-6.68,0.156
04J3C463zWF1SEGxD8Z4U9,0.971,130.707,0.0567,0.16,0.00654,0.712,-13.133,0.0567
04Jdmzb6gfuSZxGfAFc2NH,0.749,99.98,0.0311,0.065,0.0207,0.633,-7.915,0.491
04KJ4NGb2T22y26sTO41Q0,0.549,140.615,0.35,0.0245,0.0,0.529,-6.024,0.328
04KTF78FFg8sOHC1BADqbY,0.745,107.075,0.12,0.206,0.0,0.956,-4.753,0.912
04KsMCb9PZE2S0AtUU8Jhb,0.546,94.0,0.132,0.28,0.929,0.801,-7.256,0.902
04Lf6FH7DGoQdu3IjByT05,0.723,135.08,0.0391,0.00087,0.0,0.487,-6.835,0.283
04LkB4linu702YDzlrQNDi,0.358,117.59,0.337,0.735,0.0,0.509,-14.542,0.68
04M3DsiMNyn8s5XQJrW5sL,0.277,114.765,0.0537,0.772,0.0,0.631,-10.985,0.214
04MNKrAnzrHDUzuXAtNoLr,0.793,152.447,0.0646,0.00968,0.08,0.262,-8.668,0.247
04Mh4OWSBUBn5Vpna4DXrA,0.729,108.91,0.0443,0.0814,0.34,0.752,-15.565,0.572
04MtNloymG8jeL7IWl18Wb,0.413,88.122,0.0239,0.411,0.13,0.668,-11.54,0.514
04NArlIg0hSFZgqEezFw7q,0.893,139.839,0.121,0.0434,0.0,0.537,-3.96,0.195
04NSErzwZQjKTpSsa7wPeC,0.432,89.992,0.0267,0.127,0.438,0.614,-12.532,0.634
04NqdapAyKtUhZ1flTuVwD,0.507,74.992,0.0328,0.0354,0.0,0.598,-7.819,0.0814
04O45djDgdvw08HOkouSKW,0.18,145.128,0.0642,0.979,0.0403,0.579,-15.873,0.414
04OoWXmyKrSna72fEwat2y,0.346,68.462,0.0927,0.35,1.19e-05,0.748,-11.227,0.305
04Oz91r3uVBvoKbzUCHSg5,0.495,143.893,0.0455,0.406,0.000458,0.695,-8.795,0.739
04PydaEH97XN7YohGteKpK,0.367,80.866,0.316,0.263,7.06e-05,0.88,-15.487,0.92
04QKeqtQ1KCDHTXK6mNwqX,0.762,148.008,0.0386,0.00245,6.4e-06,0.353,-5.422,0.169
04QYNjGUwtJ3emEPCvjaJl,0.486,119.757,0.0442,0.706,2.28e-06,0.737,-5.818,0.942
04QrGE208I3ANV2m5Wchg0,0.939,120.046,0.0889,0.0873,0.0,0.66,-3.166,0.936
04R63LtwXGvm2OO5zyDa3h,0.824,91.964,0.26,0.0269,0.0,0.516,-5.473,0.774
04RcCJWHRqlyPUkZjZvIeF,0.213,104.517,0.0628,0.848,0.0,0.742,-17.823,0.837
04RtemH1Vuw2QOQNJLv8q9,0.877,123.999,0.0511,0.0829,0.000317,0.763,-5.593,0.827
04SEyXxzkU3KGa7RIjnqFa,0.519,125.034,0.0397,0.0439,0.0,0.855,-6.958,0.856
04THq9ESnlipU969vuvSJx,0.542,137.39,0.031,0.43,0.0,0.309,-6.023,0.237
04TfSQMv5y5lVyCEdEaMHY,0.797,85.035,0.128,0.00267,0.0,0.657,-3.08,0.684
04TnA6CnOoZ49KMRfTAtHS,0.691,125.001,0.0385,0.00231,0.141,0.734,-5.627,0.0398
04U0dGaGMWbLgCVpWKuc3y,0.912,177.193,0.109,0.000349,0.634,0.595,-7.838,0.377
04U72dJzpaGsMl4edd1ZyX,0.662,104.022,0.217,0.0631,0.0657,0.964,-6.84,0.737
04U99hs4PJuZ5XGxNzW4XP,0.561,184.038,0.0316,0.321,0.000199,0.412,-7.112,0.269
04UVqH7qE1vPhtuN9kud5E,0.492,109.837,0.0273,0.652,0.0,0.64,-6.2,0.51
04WIwudlhPrExXuOAx9n3d,0.703,161.092,0.049,0.258,0.00552,0.646,-9.156,0.344
04WttLcLKlsuxYxf0hvouB,0.446,115.192,0.536,0.607,0.0,0.544,-11.735,0.469
04XRimcx9QuSrtUvWpdkmS,0.624,132.998,0.0843,0.092,1.33e-06,0.718,-5.863,0.297
04YFRczeeieYRlsrPJ8hjh,0.741,123.941,0.0549,0.149,0.00101,0.673,-5.247,0.604
04a7TQAQPkXBosRi7IovlM,0.735,150.04,0.0903,0.47,1.09e-05,0.748,-8.692,0.854
04ccQGJ1i8gL7JoeCPiJbv,0.708,158.785,0.0301,0.00626,1.15e-05,0.499,-7.029,0.617
04clw2CZuvRzvV54g6Ua4L,0.638,84.682,0.196,0.212,0.0,0.589,-5.799,0.796
04e0SKFVsa0FLLW1Ednmdu,0.888,127.938,0.0351,0.0028,3.46e-06,0.608,-3.192,0.251
04e1VQ69ll2TR5Jp8F2n5B,0.309,143.075,0.0257,0.822,2.26e-06,0.319,-11.944,0.339
04f3ea1BQlVrhhmxS0qMDH,0.307,78.709,0.0543,0.891,0.0269,0.503,-10.117,0.388
04fAHzTVDZp4Vkb7o54tkt,0.122,129.222,0.0351,0.981,0.000173,0.311,-16.19,0.224
04fYjbed1Q9DmGgDF6AtEV,0.892,100.995,0.0537,0.0726,0.00345,0.497,-3.779,0.665
04fiF7zXlADtNB6d6YGuJc,0.0974,87.754,0.0313,0.76,0.0,0.274,-12.938,0.272
04gBqA2mubcTgFqL9Domlj,0.843,140.944,0.075,0.0172,0.0,0.228,-8.41,0.481
04gmJvY5T9duH3eFXwPxV7,0.28,116.109,0.0313,0.788,8.78e-05,0.545,-9.302,0.188
04hTnUZF47uCQeYAMEequk,0.983,111.84,0.0875,7.56e-06,0.0208,0.367,-5.232,0.0394
04hVFgVg7wcl7TXH50IbDB,0.388,104.89,0.0353,0.751,0.0,0.722,-6.507,0.778
04hWLKwZKdwl1mZHafiphV,0.797,105.395,0.0435,0.2,0.0,0.707,-7.143,0.633
04iBN2ttkQBfGLj6DYlhKF,0.822,153.115,0.105,0.00457,1.77e-05,0.38,-5.095,0.558
04ilBEd1FVUhpv9ItR6yTN,0.489,97.982,0.0535,0.744,2.59e-06,0.694,-13.119,0.695
04j2YvoGqnRSTDyzRdZkqq,0.577,84.09,0.0592,0.444,3.36e-05,0.36,-8.386,0.164
04jKPCVGc82XhNirNe4ISw,0.799,122.045,0.0433,0.00259,0.00343,0.806,-8.704,0.971
04jrgiz8tXWtOGZXQmfa6q,0.0668,141.069,0.0432,0.989,0.914,0.16,-18.868,0.0344
04jws4WzgDWygaSTdPIswc,0.923,149.943,0.11,0.152,0.0,0.475,-2.346,0.194
04kFbc7Llwrs3kp26o2spJ,0.872,150.0,0.0337,0.33,0.00127,0.683,-2.414,0.49
04kqG8I1vOQRC5KlWYcfSl,0.183,91.889,0.0535,0.935,0.0,0.483,-10.173,0.4
04lyRXbsdqfn3QgAyENYqc,0.929,105.494,0.0601,0.139,0.0,0.567,-4.641,0.88
04mVWR2uAdl1ONhlWf93rC,0.832,98.015,0.032,0.112,0.00175,0.615,-4.82,0.413
04o1cc3SZKXhAGFugDUHMx,0.698,122.984,0.0483,0.0566,0.0166,0.755,-6.85,0.81
04oItkpD3fFzwQjZGAEBgo,0.665,78.019,0.117,0.018,0.0,0.837,-9.299,0.795
04oQzKSDtOXgwhpBazjVY2,0.54,151.405,0.0386,0.0149,1.93e-06,0.653,-7.157,0.765
04pjfS3YIK6gXjxi1zHeZa,0.598,140.078,0.0377,0.00786,0.0,0.498,-6.638,0.0573
04q0uKpOl2bLOiNxezjh7N,0.537,81.019,0.0477,0.59,0.0,0.315,-9.314,0.384
04rKGrwnHZgttxzpjegVFL,0.875,132.067,0.0729,0.0721,0.4,0.416,-4.153,0.329
04rMpRstoJt3uvqyNGKczX,0.208,90.084,0.0316,0.466,2.81e-05,0.59,-13.25,0.293
04rZkq3ihHmGNfKPgBiTX1,0.852,88.028,0.0375,0.302,0.0,0.635,-4.243,0.351
04spFw8MYyF8JtnziscOM7,0.865,180.138,0.362,0.21,0.0,0.479,-4.964,0.83
04tBSM1jLxfYZoPjeWwRbd,0.983,105.026,0.101,0.000387,4.19e-06,0.473,-4.06,0.155
04tXTzDfnvg4Ckco2faTwh,0.449,124.315,0.0903,0.885,0.0,0.807,-6.802,0.965
04ty6HwbPa50ZxzxrMdQQx,0.316,118.764,0.106,0.776,0.00356,0.621,-17.503,0.697
04u9U3bDD9dVZFDDI8v0ME,0.891,87.989,0.034,0.431,0.0,0.643,-3.343,0.933
04uGsEzXnvFxNtZzGzyuqn,0.595,165.116,0.0457,0.00554,0.468,0.379,-10.736,0.347
04vHcLmvQvxbBdgKi7s3C4,0.799,135.908,0.0278,0.085,0.0,0.796,-4.344,0.964
04vKZAQjAl1xiwRpJUwcNi,0.517,91.564,0.73,0.603,2.79e-06,0.573,-10.691,0.643
04w57GO5p1763E44KQ8AKB,0.738,85.873,0.219,0.159,5.71e-05,0.842,-5.114,0.597
04x6DpeFQ72efXsD0DmWPQ,0.428,112.985,0.0262,0.14,0.0,0.543,-8.966,0.173
04x9rTifBUyedVX7HjOW46,0.851,124.991,0.0523,0.000335,0.849,0.813,-10.089,0.322
04xO1gevudj8k7y2wTGTjC,0.422,96.225,0.0712,0.66,0.000992,0.918,-4.506,0.962
04xQwWed0vY358EKV23CkV,0.818,125.99,0.107,0.191,2.35e-05,0.768,-8.048,0.945
04xYrikbiBH39wHO7Sjae0,0.54,142.913,0.0391,0.42,0.0144,0.549,-9.913,0.284
04y7iJXobJhXuxLhC91LAd,0.817,108.185,0.0254,0.0284,9.81e-05,0.64,-5.636,0.772
04yq0RTNbkdVDA2RnnPkAM,0.93,110.011,0.0371,0.187,0.0,0.652,-5.801,0.75
04z8Jp9dEXMwW7SkCYYwWh,0.809,140.27,0.0564,0.00824,0.0,0.498,-4.304,0.401
04zxGiXcmNQ0m9oDXtwo18,0.458,69.352,0.0459,0.876,0.776,0.183,-9.651,0.0661
050iNgNKEUrJboOnH4Jhm6,0.633,148.984,0.0318,0.475,4.29e-06,0.586,-7.688,0.445
051IuBqkMgSU9Pzaki9x3J,0.577,128.989,0.0736,0.00509,0.852,0.786,-14.487,0.34
051urfGQsQOQXSbjIumG9v,0.682,85.872,0.118,0.102,0.0,0.457,-5.244,0.605
0526DaOuV7mRlPKxhMSJKw,0.459,80.085,0.448,0.729,8.35e-06,0.697,-8.498,0.409
052F8G0CyBPKf4sRIrSsft,0.276,180.305,0.0341,0.868,0.0,0.163,-11.179,0.235
052vSBPxqdmYRDlkSPiavc,0.691,95.046,0.0371,0.257,0.0,0.686,-4.616,0.477
053ErGCGPpBtr5T9E32wDC,0.833,87.981,0.0709,0.0114,0.0,0.634,-5.905,0.367
053xKa7PdxQsJNWmBjV0sv,0.596,79.005,0.328,0.0115,1.66e-06,0.836,-7.652,0.843
054oZtOkQztuU2mVTgeUtY,0.694,85.486,0.0413,0.329,0.0,0.673,-6.582,0.465
055qy9CPBFPD4PhC23cULi,0.665,162.871,0.028,0.0162,0.0118,0.395,-6.254,0.287
059kG2MqzZXRUTHDRcV7HF,0.75,105.979,0.0326,0.0313,0.0,0.664,-4.149,0.541
059seYDUmCUfv4KsB5Jc6H,0.855,127.979,0.0379,0.0209,0.000393,0.569,-2.495,0.239
05A8DzxwgUGyVWQ1Zc5YoV,0.65,92.01,0.0427,0.179,0.000283,0.584,-6.481,0.491
05AXwekEtlEQtIShshh7aY,0.481,130.034,0.26,0.276,0.00075,0.858,-8.096,0.402
05ApEAT889haImO4kMB6Z1,0.784,120.985,0.122,0.589,1.89e-05,0.965,-4.287,0.872
05BDasfCA4TNR3HbMjSpgM,0.717,114.952,0.326,0.138,0.0,0.747,-6.043,0.472
05BJQUM4bATKGFheqrC6CW,0.629,146.328,0.055,0.0619,0.506,0.581,-7.56,0.63
05BZqk1isq8JZfyqwfc87U,0.227,149.915,0.0359,0.922,2.43e-05,0.623,-13.762,0.26
05BgC2247XGi8ySwBzOO0o,0.766,139.999,0.05,0.606,0.0,0.54,-4.478,0.435
05BjbsGWP4UczpeL6ObGr4,0.478,131.689,0.0276,0.624,7.07e-05,0.595,-7.207,0.167
05BkWRVy0cubbSnsyzw2lu,0.356,115.613,0.0282,0.201,0.0132,0.386,-9.875,0.18
05BtN8RrrRQdmNnGTX9cHo,0.712,158.728,0.0413,0.0641,1.55e-05,0.7,-6.424,0.722
05CE2mvaIBPMCHuCfzYIzs,0.462,119.124,0.0404,0.761,0.0,0.557,-7.093,0.551
05CrK6Q5VGtfPDtyQFJ4Kf,0.526,85.024,0.0251,0.0724,0.0,0.512,-5.44,0.249
05DejmhRYCktQogzOVX1H9,0.834,161.788,0.0341,0.0735,6.42e-06,0.491,-5.101,0.561
05Df7D0lZhWxg8ORjY9D9Q,0.529,139.966,0.0339,0.0214,0.00109,0.666,-7.45,0.354
05E1O0BB7rJZ9WYV0ceXr3,0.251,81.009,0.0429,0.0741,0.785,0.745,-12.14,0.0823
05E73gk08h7ECa4RjvcYwB,0.3,79.901,0.0508,0.729,7.83e-06,0.249,-14.117,0.223
05FTszdgQA6GWxAcVIV81a,0.779,90.03,0.239,0.176,0.00233,0.591,-8.174,0.421
05Gl6icUFlw1wEQNhihGFW,0.881,127.048,0.0285,0.000698,7.11e-05,0.683,-5.797,0.849
05Hkho05JEQwjsK2UrdhFU,0.802,97.971,0.0654,0.278,0.00562,0.595,-8.439,0.412
05HulaXfgFYHC9DZWxL4rb,0.829,142.921,0.082,0.00171,0.297,0.292,-8.179,0.341
05J5ZjjuCxBeRpCsWuCSrC,0.506,100.056,0.0435,0.0354,0.00463,0.757,-7.348,0.607
05JRk1KS7BaSuvkn8L8Ps0,0.664,122.888,0.0331,0.00552,0.0,0.735,-5.297,0.578
05KOgYg8PGeJyyWBPi5ja8,0.491,141.979,0.439,0.0681,0.0,0.736,-6.892,0.203
05KeRMxuutPAe5JOVlzZi3,0.819,127.998,0.0314,0.0997,0.00146,0.601,-6.13,0.297
05LCfd8s9n2teUcsTsBAnr,0.856,180.048,0.262,0.0534,3.93e-05,0.672,-5.537,0.641
05LTrpC9z6YpTPmaeGC9kQ,0.471,139.957,0.0377,0.309,0.0577,0.392,-10.518,0.382
05LoBwiXyb1sx3xV3S3tEd,0.748,119.994,0.0305,0.0341,0.000105,0.71,-6.244,0.38
05MGzkCp90WjBzEbdWkbed,0.87,122.994,0.0323,0.038,1.63e-06,0.766,-5.316,0.414
05MPMLLB6v6hLTPiuyEun1,0.132,94.572,0.0276,0.962,0.0461,0.36,-19.544,0.346
05MlxuWlhxldmYkK0POyVn,0.94,108.036,0.135,0.148,0.0,0.734,-3.843,0.555
05Mqo86LTHNsT1Cst5SpWQ,0.771,96.111,0.224,0.00495,1.89e-06,0.552,-6.96,0.5
05NRKMTDuXA5ehLLe0wtL0,0.981,149.955,0.163,0.000537,0.0,0.424,-2.749,0.0992
05Oo11YMZ1ORYWcNSFxsSW,0.701,120.045,0.0294,0.0466,0.000578,0.768,-7.988,0.414
05PIJWWaYGCF4cMk5sHQPR,0.912,101.902,0.062,0.0839,6.57e-05,0.666,-5.342,0.647
05PxNZJfr9OTpCo2JjH0xe,0.0924,109.826,0.0328,0.924,0.728,0.524,-20.238,0.155
05Q8DT8pyXJrxI6kCLzjdh,0.762,91.009,0.0575,0.0202,0.0,0.742,-4.043,0.367
05QIrDQGgKJXoLBGdTz1D3,0.567,184.745,0.0478,0.699,0.00462,0.635,-10.705,0.372
05QSDZtP1LvAfuSuS0A98v,0.426,142.126,0.0351,0.305,0.000261,0.481,-8.73,0.471
05RC4CgSTyTMBWGqvrDrtD,0.435,120.106,0.351,0.568,0.0,0.872,-9.329,0.361
05Rdg52eBYVUy5A55rnz39,0.695,167.966,0.0348,0.0818,0.0,0.388,-2.4,0.778
05Rfe1OszkbA4LX5aI2FgQ,0.746,169.846,0.115,0.0244,0.0,0.656,-4.309,0.59
05RgAMGypEvqhNs5hPCbMS,0.978,141.167,0.108,0.00122,4.75e-05,0.526,-5.436,0.451
05SZ279Bnz9Zst21BMoZWg,0.559,126.046,0.0438,0.202,2.16e-06,0.835,-8.09,0.751
05Sgj1Hx03ZXc57gsV1kfX,0.577,84.003,0.0612,0.0986,0.0,0.888,-7.702,0.609
05Sr3aEq5SEbhfrUIPGgMv,0.881,124.09,0.14,0.406,0.0,0.663,-4.731,0.801
05TOTdlMwnIi9PJZmOsLGA,0.53,170.134,0.0736,0.421,0.961,0.483,-10.077,0.519
05TXvkUBQ4HyLTFfRmegtl,0.56,123.979,0.0323,0.462,0.837,0.592,-10.84,0.225
05Txr7yTFrHDGvaZt4psm3,0.283,178.442,0.0331,0.969,0.00142,0.337,-12.308,0.55
05U9c8s9N8YUXNzGv3k4c7,0.687,200.035,0.0531,0.159,0.0,0.326,-3.785,0.554
05V41o1tcR0o9qcTsz3lsU,0.987,120.009,0.0578,0.000305,0.809,0.517,-3.625,0.356
05VHidqx1tV6V7MsCdAIby,0.927,171.4,0.43,0.0508,0.0,0.551,-2.263,0.839
05X6aMCQR09E6smUmw9qms,0.421,83.425,0.0285,0.214,0.0,0.296,-8.891,0.335
05XkaRvGIt5LtllUuhMAKA,0.728,143.885,0.0377,0.000924,0.00237,0.574,-7.267,0.373
05XsaFSfkfX1gp1B8McXen,0.952,140.035,0.059,0.0246,0.00137,0.533,-3.468,0.497
05YPoLB5jbvGwy1o331LrS,0.372,114.079,0.0274,0.835,0.842,0.608,-9.85,0.465
05Ys9ptkSBMhRY3j2PPivS,0.71,90.983,0.0275,0.00527,0.000581,0.725,-4.665,0.965
05YwALjyQxPbpxKAATQtbU,0.406,96.016,0.57,0.214,0.0,0.653,-9.705,0.263
05Z4eQ7llqucxW1BMeGOVR,0.924,87.854,0.339,0.216,0.0,0.658,-2.015,0.644
05Z77MHLPcBA2Wd5eDSJzl,0.851,114.948,0.0443,4.46e-05,1.97e-05,0.556,-2.981,0.271
05ZACkzW8YbRq3eFgIfSNB,0.809,104.023,0.0255,0.1,9.77e-05,0.692,-5.935,0.927
05ZBAxwvMvypk0xSt23Lmp,0.82,139.632,0.214,0.0981,0.0,0.434,-4.333,0.524
05Zl22TnA1LLWJiXeRyX3t,0.959,171.121,0.0569,2.79e-05,0.0128,0.278,-5.195,0.23
05a2I8wz6YMMRPUOSykNHU,0.662,130.201,0.028,0.102,0.664,0.504,-8.336,0.358
05aCSi3QAay8bgaqOBcvnS,0.635,82.044,0.0663,0.0156,0.0,0.744,-6.926,0.519
05aOhqraGCEElAG5vvAtN5,0.836,105.991,0.0327,0.301,3.23e-05,0.646,-6.203,0.727
05b2I4nXyjvuyPXzRkD4la,0.542,150.206,0.0383,0.000312,0.000542,0.368,-11.359,0.104
05bhmaAD1urZnQMWNd6p3S,0.597,102.108,0.257,0.236,0.0,0.745,-10.422,0.842
05bnEv2dpFzmGVLGdjD9UP,0.0279,84.902,0.0588,0.859,0.0892,0.57,-22.282,0.28
05c0LG7DakbvX0gYbBHjPP,0.979,173.982,0.134,0.00146,2.68e-06,0.409,-2.107,0.201
05dL7chWJaVjMJnGO1YCKk,0.795,128.959,0.0379,0.0664,2.89e-06,0.542,-3.131,0.251
05eWvAS5Cxy4sHjlIDofyB,0.462,80.001,0.03,0.279,0.196,0.532,-10.71,0.485
05f3hcnTKobPpDyzyfd84y,0.0589,82.131,0.0456,0.993,0.868,0.202,-24.171,0.157
05f8Hg3RSfiPSCBQOtxl3i,0.766,142.914,0.0329,0.00217,0.52,0.271,-8.03,0.803
05fHQeRbCSjKVS6z0WbQKJ,0.721,164.252,0.0402,0.187,7.41e-06,0.572,-8.959,0.844
05fJ3fx7wnU34g556UDqGH,0.813,163.268,0.0334,0.00864,0.911,0.513,-5.329,0.368
05go6bBS3fbZbXC2p8xTfW,0.633,93.381,0.161,0.00491,6.95e-06,0.545,-6.196,0.361
05iEpHzk10XCfesFglAnlZ,0.821,106.592,0.138,0.0436,0.336,0.34,-7.727,0.333
05iMQqncVBIm4AE26EvaTL,0.585,116.994,0.0285,0.3,0.0,0.77,-8.06,0.912
05iNNBOYgTXTorF8sbsqzZ,0.639,79.999,0.138,0.00111,0.0,0.796,-8.265,0.711
05jHFnv6I9aOij4uipICJe,0.586,129.18,0.333,0.28,3.01e-06,0.639,-6.278,0.869
05jNrrouvvb07kGZ75ML2q,0.839,115.341,0.28,0.0111,0.0,0.746,-6.204,0.336
05k0JUkZjGB7VRaOb0gqFr,0.651,153.514,0.0795,0.789,0.0,0.498,-9.44,0.695
05k40oRJ58mQBJSAz0FkLI,0.372,98.549,0.0299,0.785,0.00154,0.613,-13.051,0.697
05kIfJwnJ2EMhF1vVE6LGq,0.533,146.571,0.0326,0.00913,0.437,0.466,-9.419,0.257
05kVyNUR9uibHta4jcGTTv,0.72,122.011,0.037,0.126,0.347,0.729,-6.692,0.0389
05l55Q5FpHrMs06JoYcmrR,0.664,124.944,0.0802,0.141,0.0,0.885,-5.247,0.366
05mlGXaZieja1IT8LOK9FA,0.936,146.933,0.0503,0.000566,1.9e-06,0.427,-5.679,0.494
05nbZ1xxVNwUTcGwLbp7CN,0.398,80.032,0.171,0.648,1.26e-06,0.749,-7.44,0.0859
05nzQRqCZ36DTDCbUb25Qa,0.836,102.754,0.0331,0.283,0.0,0.623,-5.983,0.69
05oETzWbd4SI33qK2gbJfR,0.49,129.012,0.0296,0.111,0.0946,0.723,-14.745,0.795
05oFyvdztPdpwSwpoclD4c,0.684,120.269,0.0329,0.088,0.156,0.635,-11.687,0.892
05oUW8KwsFCCGn5GimwWpo,0.885,151.956,0.0933,0.00486,0.0,0.228,-5.893,0.565
05pb8dH59dbrFCl7HaBntO,0.549,107.382,0.0793,0.181,1.25e-06,0.668,-8.618,0.323
05qCCJQJiOwvPQBb7akf1R,0.868,149.042,0.047,6.54e-05,0.0,0.426,-3.702,0.402
05quYx9JXaDX7CGLpZA62V,0.361,123.144,0.039,0.986,0.238,0.315,-12.534,0.458
05rJdH2MRLJ3sQoEUO78qs,0.775,180.054,0.0887,0.0117,0.191,0.695,-5.041,0.869
05rcuAHoBXDaPNUHGtARsy,0.822,164.345,0.0532,0.0553,0.0,0.605,-2.918,0.893
05roD4SnLrNnwXTwMZRUKS,0.197,140.466,0.0341,0.921,0.00077,0.289,-18.424,0.584
05t7Ivn2ZrTxcz2842Qs7f,0.929,106.655,0.101,0.0115,0.0,0.413,-4.105,0.235
05tFLPSXJ1BbqIXy4Jeqfh,0.299,119.487,0.131,0.383,0.752,0.476,-17.997,0.384
05tn6MGYoFRaXPYQpZmPcc,0.904,172.168,0.0736,1.92e-05,0.0,0.293,-4.155,0.294
05txUVS40sxo3exRorusQB,0.695,123.99,0.0684,0.049,0.0254,0.78,-6.976,0.763
05uGBKRCuePsf43Hfm0JwX,0.265,133.568,0.0302,0.0732,0.341,0.324,-13.398,0.208
05uPmzs0ppVw5G3YHpMv2g,0.93,172.084,0.271,0.0036,0.0524,0.699,-2.012,0.604
05uc59SgLKyj1icld2N3uF,0.468,135.126,0.0295,0.162,0.0,0.485,-8.566,0.125
05umnFBDeAATXpYGSGzI91,0.48,66.709,0.0335,0.516,0.0,0.2,-6.403,0.519
05uxoqHx5kmfsu8r5jeT11,0.614,159.963,0.064,0.0569,0.129,0.522,-7.012,0.156
05v2DdjWM1FrOXLJcrbHik,0.889,110.037,0.0369,0.0286,3.35e-06,0.787,-4.125,0.293
05vms8fFZ4KG2J6U6cJ59I,0.475,149.853,0.0444,0.669,0.0,0.722,-5.676,0.964
05wFHt1ZAsFU8GKbHV7nxo,0.746,116.986,0.0481,0.0148,4.42e-06,0.655,-6.876,0.675
05wIrZSwuaVWhcv5FfqeH0,0.869,109.902,0.037,0.0116,0.173,0.596,-11.97,0.944
05wbsMDvcaD56O4SnESOaJ,0.495,126.12,0.0332,0.0584,0.0,0.749,-8.456,0.645
05x2GKR3eEzPNglTIkAwVL,0.769,132.074,0.0395,0.0355,0.00142,0.744,-8.674,0.95
05xXsXAepy7vSMP3O0SMtX,0.661,127.94,0.0372,0.0966,0.000126,0.496,-3.753,0.246
05xdd5n4gmiF2HbjKXWNk8,0.489,143.816,0.104,0.0165,0.00165,0.903,-4.825,0.36
05y63nsti7WpAVys68ADwi,0.718,123.77,0.0742,0.000739,0.0529,0.437,-8.052,0.241
05yBRpVuSkNNmYEsKImaBV,0.594,97.067,0.0466,0.474,0.0,0.265,-5.772,0.199
05yvmRPtgoNFWWNtN3s3DN,0.852,169.915,0.0432,0.00136,4.17e-06,0.346,-3.981,0.322
060WwU9cva7KOpMhZAJjT6,0.882,123.609,0.0494,0.00121,0.0699,0.38,-5.627,0.418
0637ix1edWOCcpAcqGpMKB,0.936,101.487,0.0744,0.00747,0.0,0.5,-4.521,0.158
063vnKUM9woKyTGWTF30Nb,0.449,130.034,0.0331,0.0191,0.16,0.715,-6.292,0.246
064NEtcV4JQqGxAtfqvRfI,0.666,129.998,0.0568,0.159,0.0,0.745,-5.899,0.709
064Pxxxs8YoqISrSloXN5T,0.555,135.766,0.0297,0.229,0.000138,0.403,-5.688,0.279
064SVQsmWl5EF0zahmzkQk,0.553,109.071,0.0316,0.0611,7.16e-06,0.679,-14.687,0.946
064f5bVqvQZsNIsnnBUXAS,0.534,124.024,0.279,0.163,0.000347,0.882,-7.231,0.395
065CI94mu3IZwqPU4BX4Cb,0.898,187.917,0.0915,0.146,0.0,0.565,-2.956,0.962
065EaHZgvPiz934mznrj4P,0.572,150.111,0.0903,0.0195,0.0,0.733,-6.539,0.159
065JpMm3wBounTRtaoqVyS,0.614,141.99,0.0432,0.0411,0.0,0.434,-6.35,0.196
065KxjTN25jrlGiWPKprsb,0.949,94.843,0.069,0.0222,0.000128,0.507,-5.393,0.47
065LHZtJbXDZNAaQ2wQ5Sd,0.506,130.004,0.225,0.026,5.82e-05,0.867,-10.164,0.0711
065aXD9TzhPmwlfSIQnp1T,0.195,90.594,0.0415,0.986,0.897,0.521,-20.515,0.239
0665AisJV44X9xwZP3zN2v,0.152,126.317,0.0333,0.941,0.91,0.305,-17.391,0.449
066GCzDJPSsX8DtpxKhb4w,0.918,135.703,0.114,0.00424,0.0,0.408,-3.688,0.488
066H3CmDCFuQU1fwsecCDc,0.613,141.286,0.0405,0.231,0.0,0.4,-4.697,0.567
066nVSMAHBa3UxtE1m4c2j,0.896,94.014,0.0369,3.09e-05,0.0127,0.574,-5.302,0.773
067Wlo50RlsfYcArXGiD0N,0.926,120.006,0.0911,1.38e-05,0.00192,0.497,-4.241,0.197
0685F40CUzVJMbvKkEdlKa,0.686,89.942,0.0358,0.581,0.0,0.442,-9.22,0.501
068FF1fJiNCyeYkQvDTntw,0.579,142.319,0.0282,0.219,0.0,0.349,-6.429,0.36
068LmtzI6xJJDPfPnMje0U,0.874,125.017,0.0428,0.00476,0.0192,0.602,-5.906,0.612
068SnuV1qOUC4YBlN8HM0n,0.616,125.061,0.0381,0.0368,0.0,0.758,-4.066,0.597
0694ymW8fH9wt0yewC74Ia,0.375,127.446,0.0359,0.742,0.248,0.296,-15.221,0.287
069VGijrAsQVSY9ihFv1Px,0.906,135.96,0.0477,0.0174,0.0,0.75,-5.028,0.562
069deq5woglvUnWok4MqTe,0.935,195.012,0.157,0.000204,0.0,0.199,-3.471,0.637
069xOXmb7oa81j9ARhq88Z,0.552,99.936,0.263,0.145,0.0029,0.772,-8.695,0.286
06A0R2235eGFfyqHbvSSBc,0.976,163.026,0.154,0.00088,0.0,0.443,-4.071,0.499
06AVpLCcfRBHuDyQosPfR3,0.746,135.935,0.0312,0.0516,0.0,0.506,-5.369,0.227
06B0pbiRWZJAfxJXu6R4wY,0.736,197.952,0.141,0.242,8.02e-06,0.571,-8.697,0.481
06BIpAIF23apHc54eHKtK5,0.789,160.1,0.114,0.00757,0.0264,0.577,-7.537,0.624
06BLdiijyvKwdoyUhmhYeS,0.692,102.961,0.0956,0.0617,0.0,0.7,-3.811,0.373
06BoKUwRoskASDa4Aha5xM,0.819,119.959,0.042,0.00282,0.564,0.688,-4.841,0.144
06C0EPZtglSLZJyNSA2sqz,0.898,145.652,0.0633,8.51e-05,0.102,0.413,-5.903,0.159
06ClI3XK2FPR5uP8tPcFS1,0.854,113.075,0.0362,0.000252,0.676,0.575,-5.847,0.587
06DSI8L6IT8SizCw3JLckz,0.651,115.992,0.0601,0.109,1.2e-05,0.851,-11.515,0.942
06DXs2hBRdjNs1qE1iYCQQ,0.649,79.996,0.0585,0.00951,0.771,0.719,-8.884,0.67
06DaCxeg3IUMcxDkKEyQKf,0.507,83.093,0.0304,0.473,0.0,0.553,-6.24,0.57
06EImdwFOTUtJAdmDeTiR4,0.68,146.872,0.0284,0.155,0.0,0.55,-3.811,0.463
06EL94D0TA27Ik0Ke5usbj,0.877,82.324,0.113,0.294,0.0,0.645,-3.208,0.861
06EQRlAGE9DquuQd76ap97,0.347,126.092,0.0432,0.919,3.12e-06,0.774,-7.108,0.387
06EYeMQY1wmjHfMr3mDT0M,0.825,127.95,0.0678,0.0234,0.0,0.539,-3.972,0.233
06EgH8BdWW9QRrlI6ZVQhW,0.82,126.028,0.0357,0.025,1.37e-05,0.796,-3.094,0.885
06EoiPK0mH3PHxH2BKNAJx,0.663,140.253,0.0274,0.221,0.0,0.572,-5.418,0.455
06ErXnqQcgWMOk6KzSmfbn,0.254,175.003,0.0498,0.891,0.00226,0.495,-12.966,0.719
06FCvd7rrRcF3DdvWH5Isp,0.562,94.241,0.508,0.193,0.0,0.678,-9.197,0.566
06FJKYs7ai1DdYiwogQfyp,0.102,77.758,0.0457,0.986,0.961,0.163,-22.573,0.0822
06FVPdUiZphZ8ZQU2vD5bQ,0.51,132.146,0.0254,0.062,1.59e-06,0.551,-7.129,0.293
06FVwC9lTks2JmCO9IKB4H,0.167,77.864,0.0301,0.884,1.52e-06,0.281,-12.743,0.172
06FuacHsetjXDheCZykXCJ,0.263,74.942,0.0361,0.781,2.44e-05,0.261,-9.41,0.0848
06GbY7oEjJHAGvQbu4UvaX,0.554,96.017,0.0327,0.0927,0.842,0.705,-10.064,0.675
06Gyf2pFDVmN5K8XAawG96,0.523,147.057,0.107,0.00108,0.0,0.8,-6.578,0.379
06HK4X0zjG7zosy0VKTfxN,0.876,175.009,0.0533,6.83e-06,0.0247,0.213,-5.484,0.412
06Hsi4OrkzAOkmfEdvl8cc,0.648,122.018,0.0353,0.164,0.697,0.744,-9.559,0.568
06JUqqRrQZuOW93fNvJrRV,0.723,129.009,0.0305,0.0245,1.23e-06,0.561,-4.054,0.276
06JZHQw9vaj3vZCyrF6J4m,0.976,148.959,0.0618,0.00165,0.0159,0.436,-2.73,0.19
06JxwPA4WAg0LWADJtaldL,0.397,128.475,0.0926,0.00562,3.64e-06,0.528,-12.024,0.579
06KTcf9q6ef0rEYPgjOKl3,0.756,116.049,0.035,0.156,0.866,0.603,-8.005,0.146
06KWxPWcaOBaKGIPhjPLLq,0.312,72.037,0.0292,0.834,0.029,0.543,-10.699,0.301
06KekGZvtU7s9iOQPPYPu6,0.72,89.979,0.0266,0.2,1.2e-06,0.56,-7.628,0.453
06Kjjp7QsrsM0cHlCepBwV,0.609,106.649,0.109,0.508,6.99e-06,0.671,-7.923,0.794
06L1apH8kLF47dbhZ4Zg9A,0.246,123.773,0.0376,0.784,0.0,0.609,-8.449,0.371
06Lrz6eyIROUC8JM0MylSO,0.943,124.92,0.104,0.000111,0.0,0.506,-5.23,0.273
06NQHnGeXejaLXYmHYqqka,0.465,155.525,0.0797,0.74,0.0,0.536,-7.743,0.713
06NVXNLIDTQumfjwGKIBzh,0.484,209.631,0.0693,0.418,0.0,0.552,-6.786,0.837
06NpidxT6Rx4Uz2LCEuk8X,0.0514,88.381,0.0361,0.957,0.946,0.199,-25.327,0.0522
06NzjD5ZSjSdUqt4SwxEYT,0.541,111.831,0.16,0.0414,0.152,0.59,-17.974,0.539
06Od4Aeme6RXm1nNVpgxIr,0.805,114.195,0.0443,0.705,0.0,0.766,-2.771,0.967
06P1lrzKesxGKrQluyErIN,0.908,129.892,0.143,0.106,0.046,0.449,-5.375,0.134
06QHzDKaQX6Wfvicki1uv5,0.72,144.97,0.0993,0.0356,0.000498,0.514,-6.363,0.135
06QdJtEtHOckzHhq5EbTfo,0.569,80.088,0.0695,0.521,0.0,0.377,-5.702,0.51
06QkIHabKQ3GdJyXDmEn6v,0.652,89.043,0.046,0.000478,0.00236,0.531,-7.558,0.465
06SOoltFkGrHbqD1zUvFA9,0.514,76.457,0.0389,0.51,0.0,0.697,-5.657,0.431
06SUI39R57c9Jm3l3r6Iyo,0.245,112.809,0.0359,0.884,0.000182,0.329,-12.176,0.14
06SsjIlx6lb7CT8LS6MgbR,0.849,119.994,0.0609,0.0155,0.0,0.686,-2.901,0.794
06TC5eDth4JbIF15jQHaf6,0.675,114.01,0.0261,0.0641,0.000151,0.588,-5.812,0.495
06TuMCjDEYjTOJScCRzmjf,0.688,78.311,0.0477,0.409,6.32e-06,0.618,-5.867,0.561
06UkYE0SZ3Y8zGRFOuWGAe,0.0341,81.735,0.0417,0.923,5.27e-05,0.499,-22.31,0.31
06VFJ6o6ywoSdrSWMZMIoN,0.884,143.778,0.215,0.141,0.0,0.67,-2.875,0.536
06VlO8s3p1diYRtLeiZ5X5,0.486,127.048,0.0326,0.073,0.0,0.509,-9.897,0.262
06W9lAkSw72ppybh379fmo,0.714,90.009,0.22,0.0177,0.000586,0.729,-4.745,0.887
06WD650Zt5MQ55kFMP2f3r,0.881,87.268,0.282,0.16,0.0,0.624,-3.696,0.529
06WL8P02gBEdHF3hDDmiHl,0.669,174.705,0.413,0.171,0.0,0.589,-6.453,0.61
06WNzRbGpSSrvu0RiQGvDj,0.95,111.997,0.041,0.229,0.148,0.67,-4.626,0.161
06XnIl6oFvSnbVvRwOPvY7,0.65,153.994,0.0843,0.0156,0.0,0.728,-8.001,0.705
06XwD1IRfDnWR1av2jfe3E,0.494,180.067,0.447,0.263,0.0,0.537,-8.318,0.456
06XyjfMYbg5kcMyRHSlg4o,0.451,115.41,0.0261,0.753,0.0373,0.553,-8.938,0.319
06Y4G78xvsbwnwAbsLC01K,0.727,188.085,0.222,0.137,0.0,0.661,-5.237,0.597
06YPnktvcLxVopw6xfW5rc,0.49,156.055,0.0513,0.658,8.26e-06,0.777,-9.995,0.859
06YmzVx0HdT3bbK80VaL9V,0.889,133.907,0.164,0.67,0.0,0.523,-3.718,0.194
06ZDLodo1UDVavc3MXREZ3,0.616,120.129,0.225,0.573,0.0,0.67,-6.123,0.523
06ZumdD89viAIlyPlaW3hX,0.367,90.016,0.143,0.662,0.0,0.469,-15.232,0.567
06aw4JI5nYa8XBeBKVrltZ,0.874,95.213,0.344,0.0232,0.0,0.715,-4.052,0.678
06b3VaFsqYqbvQj1zFV5KM,0.723,128.026,0.0275,0.169,0.000164,0.594,-6.598,0.369
06bjPebie7pcoClKiUB9nY,0.378,122.043,0.089,0.518,5.27e-06,0.635,-9.572,0.214
06bp6mIqFstXamxGpqWyyo,0.22,100.041,0.026,0.786,0.0119,0.607,-11.948,0.125
06c5mZyiTC81gCaQ05sCIG,0.0762,87.111,0.0384,0.917,0.432,0.132,-22.389,0.0756
06cVeeLzXPObhsWpuEQZOv,0.727,133.915,0.0396,0.0438,0.0,0.666,-6.024,0.408
06cu3EF2msKUEy0kCaY8tR,0.861,100.015,0.0451,0.000238,0.0161,0.687,-3.757,0.377
06dAFXkgM2OGAkGS3CxpEm,0.526,90.67,0.0527,0.0391,0.00313,0.673,-15.157,0.851
06dIq2cMhi1Qa6UgghCcaO,0.417,68.853,0.0234,0.0688,0.0,0.562,-8.603,0.318
06dOyapm0xCHLfcjcxjIPg,0.975,119.967,0.0958,3.33e-06,1.4e-05,0.564,-3.81,0.541
06eDGxZE3GHDAr6iqwJFXu,0.545,81.03,0.0303,0.3,0.0021,0.528,-7.971,0.256
06gD2ZtK3Dzc1BYqWExQJJ,0.564,78.388,0.0251,0.134,1.65e-06,0.613,-7.085,0.538
06gQ08GbQUvSlcSjl9BwYx,0.351,169.923,0.0282,0.873,1.22e-06,0.346,-9.199,0.269
06gmYLiwfegMk3yHx26vjB,0.592,162.038,0.03,0.36,0.0053,0.358,-7.699,0.246
06hqW5VeuGroLl0uwYRjvF,0.873,145.091,0.115,0.108,0.0,0.617,-3.473,0.484
06hsNQfguMDrgZMIchRF8f,0.774,128.034,0.0323,0.0702,0.0,0.637,-4.683,0.289
06htxUsg7qNSFvJegITTrg,0.53,126.105,0.0287,0.465,0.0,0.584,-4.432,0.49
06iMqWThw4w8fTFyccvOwr,0.692,101.865,0.0479,0.0668,0.0,0.854,-6.625,0.753
06iR8nLOJFPJ0dZka65Aen,0.278,109.732,0.0306,0.904,0.000523,0.577,-10.504,0.18
06iX3h9RJTudmQ78wQrunf,0.401,74.544,0.16,0.802,0.0,0.547,-9.931,0.478
06id9xBLN29tE6WWRb6SUu,0.953,140.051,0.0762,0.000574,0.0234,0.58,-4.942,0.0684
06ioEUTe1YQXSphSq38uWg,0.364,124.925,0.0729,0.368,0.0,0.777,-7.514,0.187
06jFpzCr6TfpIL4L0a5fmw,0.294,52.999,0.0286,0.498,0.0,0.29,-16.206,0.347
06jL2R1sjBpH72xwfXoRX4,0.791,100.005,0.0297,0.0238,0.0,0.623,-4.544,0.404
06jmlBBxaAP8dac1uOay9B,0.638,206.108,0.0422,0.0429,0.0,0.541,-6.935,0.395
06kd26meuq58brh58iqDa6,0.166,136.795,0.0615,0.986,0.921,0.45,-21.977,0.546
06l0hDTAdg0UsB9fi8sOUy,0.942,144.992,0.0448,0.0991,0.847,0.686,-5.676,0.552
06lSJbrmrjze6C1jnHGrZf,0.608,170.02,0.0306,0.298,0.104,0.652,-11.939,0.78
06mfQgom1a1QTDjyI6UCuH,0.53,111.874,0.0288,0.602,0.0,0.636,-4.971,0.469
06nGYA6zSyaQLKjDOshr8o,0.453,124.029,0.1,0.277,0.0,0.809,-10.782,0.912
06ngjaiEea4jvIcAIcxcGr,0.877,93.016,0.0502,0.00435,9.91e-05,0.713,-3.843,0.759
06nuS3YOuQ3WJfw0uJthjy,0.218,83.961,0.0312,0.952,0.0,0.278,-12.156,0.204
06nw88aK8vHYRnT4JPrE7I,0.496,119.994,0.0756,0.157,0.0,0.696,-8.49,0.587
06o3HS9wFhXitra5857RBR,0.581,120.033,0.0597,0.101,5.57e-05,0.782,-6.133,0.29
06o74igG4PjpZD0mrc47od,0.68,125.0,0.0559,0.0112,6.71e-05,0.764,-5.795,0.543
06oaXVdGdz7U7tKNVgKGcx,0.624,89.948,0.033,0.286,0.0,0.634,-7.354,0.631
06ozIJcod6l56UUfX9YKjs,0.369,182.715,0.0329,0.859,1.58e-05,0.274,-10.761,0.171
06pQZG3BrfGCVvB9xmia1f,0.59,115.555,0.436,0.6,0.0,0.674,-9.893,0.452
06pghtZFVF7JeP5BtJvkpc,0.784,128.156,0.0451,0.00117,0.186,0.541,-8.833,0.471
06qABPRLEAb2sMQ4wYCRoQ,0.867,77.09,0.116,0.364,0.0001,0.65,-7.266,0.726
06qEvINEo4vjkZUCN06SmT,0.751,98.041,0.0854,0.0113,0.0,0.833,-7.117,0.716
06qJlcRnqkIZUBQVbQks0e,0.743,111.008,0.0677,0.258,0.0,0.682,-5.34,0.421
06qKsOkkOeZzGyciSEuyJb,0.762,104.0,0.0486,0.171,0.0,0.739,-5.633,0.744
06qgHP3NjbqYkyp8rJfnTf,0.809,126.023,0.0756,0.0407,0.136,0.891,-5.753,0.967
06qoS4JCkf8cNzssYd9eQi,0.632,93.979,0.0433,0.0295,0.0,0.675,-6.099,0.643
06qwPtnc9J0a75Z0l6jj8b,0.799,83.193,0.456,0.106,0.0,0.714,-5.361,0.807
06rLDEJNtQf5EUo6ALjSEf,0.664,163.341,0.322,0.0198,0.0,0.413,-8.701,0.385
06rLuBvfNp3EbZSHovnCmw,0.45,108.571,0.025,0.524,0.00163,0.497,-9.912,0.151
06rQb1axnT2xgL1D8J61C8,0.506,126.012,0.0414,0.0113,1.05e-05,0.822,-5.223,0.67
06re5XslQ5PFkM3b0Yq4AC,0.918,84.802,0.0849,0.00587,0.000103,0.381,-3.104,0.344
06ri3KmX1noEbR56tLQbZp,0.907,100.871,0.141,0.256,2.39e-05,0.715,-1.586,0.645
06tEIBNvHl1haf34VpulbL,0.338,99.983,0.114,0.00844,9.48e-05,0.947,-8.516,0.883
06tH0VDAbwCvyDdVh9fgsn,0.91,131.001,0.0552,0.0137,0.0,0.682,-3.226,0.681
06tzpF49OSJwHY7HtaGC6m,0.964,146.061,0.409,0.0243,2.69e-05,0.563,-4.352,0.23
06u5LrUpbosQlQ1QJFhPpG,0.523,134.93,0.0429,0.491,0.0,0.577,-5.538,0.29
06uM6EPEvb34yd7nnu9Fhw,0.739,99.978,0.0283,0.0105,2.86e-06,0.565,-4.012,0.703
06w2sAzvG5IFjqCCz38YwK,0.714,148.082,0.269,0.0853,0.0,0.758,-3.754,0.718
06wNMIR4oa79UVKjlk6F3L,0.723,170.248,0.463,0.565,0.0,0.586,-7.028,0.314
06wSLTWHU8KvZEa2HXmYwJ,0.413,119.617,0.0368,0.307,5.99e-06,0.476,-10.086,0.147
06wTEKL2rSrSaOjFtgG8fj,0.344,178.102,0.0376,0.082,0.000141,0.39,-7.804,0.244
06wtOOWBirq96eShMoRrt1,0.634,145.002,0.0312,0.652,0.00396,0.608,-8.365,0.776
06wxyCQFJOT0bjvSPMQj7x,0.408,82.021,0.0253,0.05,0.013,0.558,-8.235,0.162
06xJpH1EvoIrJclhonRvUY,0.674,143.757,0.0357,0.0253,0.0,0.467,-4.756,0.369
06yQb4UTUcjerrSKmpA0zp,0.76,150.002,0.0407,0.0624,0.0,0.418,-6.762,0.337
06yrcI03mmIh5bNtGMn2k5,0.94,133.354,0.0588,0.0014,1.17e-06,0.317,-7.003,0.601
06zALqB3nPpHBsVg0TONOu,0.682,120.079,0.224,0.106,0.0,0.792,-7.468,0.598
0701flbmuIpPHdPFDLOxJh,0.933,138.023,0.0368,6.71e-05,0.796,0.492,-5.836,0.176
070w1ad1BKWGBsXGJ4qp8k,0.852,77.891,0.0604,0.00197,1.87e-06,0.564,-4.393,0.686
0722BLg6gYiY6vIhyWLve7,0.683,137.916,0.0392,0.00543,0.0,0.614,-4.787,0.403
0725YWm6Z0TpZ6wrNk64Eb,0.419,60.493,0.0854,0.219,0.0,0.739,-8.241,0.58
072XFpSbDJPCRxILkfUbxp,0.828,99.843,0.0612,0.246,0.000121,0.583,-4.186,0.709
072YgF7J2clpY8DsWOpEri,0.188,135.896,0.0326,0.895,1.79e-06,0.607,-15.084,0.486
072nOX5nDAGalF8TC30EFv,0.47,74.196,0.0803,0.212,1.94e-05,0.835,-7.529,0.815
073WTDZkYHv8YdFdhVCEn1,0.946,127.02,0.0541,0.0699,0.00126,0.726,-3.296,0.704
074M4HBIAHQAr3tTGzmdrI,0.454,150.09,0.435,0.0283,0.0,0.824,-6.211,0.115
0755vnFQZLSgHHWbR1qCjY,0.403,140.365,0.299,0.499,0.0,0.495,-9.732,0.563
076K8Jg7xmjCMn816yZboV,0.385,81.153,0.0346,0.484,7.73e-05,0.253,-9.787,0.293
076PFJLxSpuW8RBg8ub4Qj,0.859,84.981,0.105,0.00541,0.125,0.642,-5.422,0.616
076jgZgkx4YiJ4q0dN3Xsl,0.863,194.073,0.0941,0.00302,0.0,0.437,-5.28,0.233
078C2jXg7XsMgW78Gfx1JA,0.849,79.155,0.348,0.015,0.00373,0.427,-2.945,0.55
078kLYfYCjjPMbABqriXT3,0.394,84.255,0.0286,0.873,0.00261,0.441,-9.047,0.098
0799V7Ownxfy7DjnN0xAlq,0.312,178.594,0.208,0.894,0.0409,0.458,-11.005,0.111
079lsExLsjditCh8XyUn0L,0.879,151.51,0.141,0.00453,0.0,0.633,-3.456,0.416
07APJHvg4ZssAhkIwR6lbE,0.575,99.887,0.0333,0.683,0.0298,0.292,-7.485,0.0637
07ARBxsDbIdAxLwuRCkGJ4,0.701,97.012,0.0492,0.0828,3.98e-06,0.64,-6.661,0.703
07ARfS39HSzPfEWZS8opOs,0.692,91.188,0.241,0.851,3.79e-06,0.371,-9.981,0.511
07AjyDeE85pDr4Dj8BzgWB,0.781,80.753,0.235,0.0142,0.00105,0.586,-10.052,0.755
07BAaeVwEwkzQrE3qJxJ5S,0.71,93.022,0.0775,0.0106,0.0,0.684,-3.574,0.464
07BuyVse8pYAWd9DXD7B2D,0.968,86.036,0.0891,0.000831,3.05e-05,0.536,-2.373,0.57
07C34boco6foHD6VOGB3ec,0.177,155.52,0.0445,0.984,0.943,0.399,-20.22,0.163
07CbP9gg9RZI9jL0LuRedo,0.625,160.07,0.0473,0.53,0.000525,0.662,-3.317,0.966
07DLOctZ4Z01r0TVnOeY2b,0.781,128.131,0.102,0.393,0.0,0.647,-5.44,0.856
07DWACsD58aEdq6XnDadLh,0.499,86.948,0.0278,0.849,0.0,0.422,-5.702,0.17
07ETYZcVU2YgbAULh2whS4,0.507,73.918,0.0479,0.41,0.0,0.361,-9.485,0.196
07EeNeSCYJajyJW5U7Q3Wd,0.847,175.104,0.0514,0.0107,3.67e-05,0.378,-4.858,0.49
07Ew3kmtUvcaudIIrgZi9E,0.975,97.525,0.118,0.000984,0.00021,0.53,-2.448,0.405
07F3PrhWq1rEgTfRuFSAxx,0.778,119.974,0.0494,0.151,0.0,0.665,-4.42,0.852
07FCO89K4Wz5dgNKNht2F8,0.978,127.993,0.138,0.0009,0.00444,0.746,-4.338,0.318
07FID3C2aFsjN15Gda7ENn,0.454,77.454,0.0788,0.0641,0.0,0.607,-8.206,0.301
07G5C1wAil4Mp1qjbd3eTR,0.633,89.896,0.0375,0.000448,0.0361,0.456,-6.249,0.521
07GvNcU1WdyZJq3XxP0kZa,0.947,135.448,0.0378,0.0185,0.00109,0.583,-5.12,0.803
07HPV6hzecJmMJwsIX8YVU,0.894,125.988,0.032,0.00154,0.0,0.602,-3.975,0.643
07HeFSqsEGq4eWyerDrW1a,0.827,99.979,0.0454,0.0409,0.0,0.621,-7.309,0.65
07IYE3kTiVVutOqy8kwLil,0.836,163.985,0.0477,0.00166,0.0,0.36,-3.826,0.198
07IYom3ORpuD9uMlAtUHFQ,0.761,115.978,0.0364,0.0668,0.0,0.763,-5.848,0.712
07Ikb6oVQ5bddOktyquwFL,0.0804,121.079,0.0614,0.827,0.0,0.521,-20.009,0.583
07JMgLRPEeLClpiAYkefuD,0.648,123.004,0.0494,0.0013,0.716,0.792,-6.695,0.594
07JdOM3nXUq9Ml0nsG32C6,0.976,108.753,0.0775,5.98e-05,1.96e-05,0.271,-3.238,0.509
07KMQNsSXfWJjOzFzwNWoE,0.31,60.285,0.161,0.879,0.0,0.626,-15.987,0.225
07KYRDFf8Q6sqj4PWCP9vh,0.768,125.203,0.0363,0.22,0.0,0.713,-6.702,0.878
07LBWPZxGucPfmpFnbZUmm,0.602,83.48,0.0978,0.033,0.0,0.435,-7.109,0.276
07NI6CCv57IbIqzy10ddd7,0.498,119.988,0.17,0.0974,1.26e-05,0.793,-11.208,0.427
07NQGGzMuuzCzg9lTGIiu8,0.644,104.939,0.211,0.427,0.0,0.673,-6.983,0.218
07OHoJaoA9JqyV026xNIES,0.925,104.337,0.0359,0.00963,0.0,0.583,-6.03,0.894
07OzC5JlcaDwEkzWmvqp6y,0.89,103.652,0.0628,0.452,0.0224,0.839,-11.697,0.575
07Qonra5xGHyjndj0gtOHy,0.466,112.045,0.0717,0.296,0.00308,0.8,-8.912,0.0778
07R4ZnT36Ed0rGOKeVJ6X2,0.72,92.737,0.0594,0.455,0.15,0.371,-9.071,0.198
07RT2EVYAIYN08odcYGBKJ,0.576,179.978,0.0329,0.58,0.857,0.534,-14.793,0.0464
07RUweHdhNoX6bEhaQnOzU,0.273,129.798,0.0334,0.407,0.0,0.441,-13.397,0.447
07RXBKfyCYIYRMLCvlGWXU,0.875,139.985,0.091,0.0476,0.0,0.79,-6.55,0.759
07SH2AQoklGsdxTkGrZb8X,0.381,140.048,0.0505,0.904,0.00152,0.604,-11.023,0.283
07TnWCHrFkvF61GzJuLVt0,0.57,140.974,0.034,0.056,0.00125,0.398,-7.068,0.234
07Tx168RSsUS1HqkDIOZbH,0.582,71.774,0.237,0.191,0.0,0.785,-4.877,0.861
07U3v6HsOBGs9lfkHKKCMu,0.9,123.031,0.0543,0.265,2.35e-05,0.666,-5.285,0.626
07U5izMEcWaETGct9nhhAg,0.542,90.395,0.0394,0.352,0.748,0.632,-19.096,0.904
07UYuCXQPXjShoGrDCW3oM,0.854,110.601,0.0519,0.214,0.000416,0.555,-5.568,0.91
07VBqWH6NG8L2ad3l84UKk,0.686,94.47,0.0534,0.00216,0.0,0.353,-5.704,0.177
07WEDHF2YwVgYuBugi2ECO,0.836,126.056,0.0573,0.00374,0.0,0.61,-4.455,0.657
07Wl6mcRyN0ov49w39to7B,0.152,179.39,0.0407,0.992,0.823,0.271,-20.83,0.283
07XDfjpXYL8T0wOGMk81Xr,0.464,109.305,0.0459,0.787,0.0,0.756,-11.401,0.757
07Y1uIQqxFbvSKzqLzqJQb,0.547,118.14,0.0435,0.607,2.09e-06,0.574,-8.134,0.236
07YFRv1Rj2iTtA7NY3CTcY,0.741,90.998,0.0319,0.0886,1.81e-05,0.65,-5.459,0.603
07YRq0OaY6sLzw0OhIJVJt,0.816,109.993,0.0718,0.0392,0.0,0.781,-3.611,0.726
07YlTLGFG2LsTkqGFwY5jC,0.422,154.106,0.324,0.26,0.0,0.773,-7.242,0.529
07ZPz7gJoUqRUbyjfBNq4m,0.521,95.031,0.319,0.345,0.000157,0.793,-11.319,0.433
07ZkpHysDtnBHQKbEOBZ2L,0.25,100.804,0.0325,0.959,0.000836,0.562,-11.977,0.595
07bmMNNyYHtLCQ2bnvBKnf,0.66,80.267,0.0444,0.061,0.137,0.297,-10.531,0.155
07cDm2mEYe7KHCHjKYSGdU,0.535,81.003,0.41,0.174,0.0,0.456,-7.919,0.621
07caqwl6HgPyJnaO6ByjjV,0.523,205.489,0.0285,0.196,5.42e-06,0.525,-10.44,0.766
07ceEXOyS7ghQkyCOycXwP,0.993,140.018,0.111,1.56e-05,0.027,0.447,-3.022,0.108
07ceQy7UhpNDA2WhEOJgPp,0.13,125.797,0.0487,0.989,0.000541,0.74,-12.591,0.491
